ID,Kategori,Sub_Kategori,Tahap,Soalan,Pilihan_A,Pilihan_B,Pilihan_C,Pilihan_D,Penerangan
1,Malaysia,Simbol Rasmi,MUDAH,"Apakah bunga kebangsaan Malaysia?","Bunga Raya","Bunga Mawar","Bunga Orkid","Bunga Kertas","Bunga Raya (Hibiscus rosa-sinensis) telah diisytiharkan sebagai Bunga Kebangsaan pada 28 Julai 1960."
2,Malaysia,Simbol Rasmi,MUDAH,"Lagu 'Negaraku' adalah lagu kebangsaan Malaysia. Bilakah lagu ini mula digunakan?","1957","1963","1970","1955","Lagu 'Negaraku' dipilih sebagai lagu kebangsaan Persekutuan Tanah Melayu pada tahun 1957, iaitu tahun kemerdekaan."
3,Malaysia,Simbol Rasmi,MUDAH,"Berapakah jalur yang terdapat pada bendera Malaysia, Jalur Gemilang?","14","13","11","15","14 jalur pada Jalur Gemilang melambangkan 13 buah negeri dan Kerajaan Persekutuan."
4,Malaysia,Simbol Rasmi,MUDAH,"Apakah haiwan yang menjadi simbol keberanian pada Jata Negara Malaysia?","Harimau","Singa","Gajah","Helang","Dua ekor harimau pada Jata Negara melambangkan keberanian, kegagahan, dan kekuatan."
5,Malaysia,Asas Negara,MUDAH,"Apakah nama perlembagaan tertinggi di Malaysia?","Perlembagaan Persekutuan","Kanun Tanah Negara","Akta Hasutan","Akta Rahsia Rasmi","Perlembagaan Persekutuan adalah undang-undang tertinggi di Malaysia dan menjadi asas kepada semua undang-undang lain."
6,Malaysia,Asas Negara,MUDAH,"Rukun Negara mempunyai 5 prinsip. Apakah prinsip pertama?","Kepercayaan kepada Tuhan","Kesetiaan kepada Raja dan Negara","Keluhuran Perlembagaan","Kedaulatan Undang-undang","Prinsip pertama Rukun Negara ialah Kepercayaan kepada Tuhan, yang menjadi asas kehidupan beragama di Malaysia."
7,Malaysia,Kepimpinan Kerajaan,MUDAH,"Siapakah Perdana Menteri Malaysia yang pertama?","Tunku Abdul Rahman Putra Al-Haj","Tun Abdul Razak Hussein","Tun Hussein Onn","Tun Dr. Mahathir Mohamad","Tunku Abdul Rahman, yang juga dikenali sebagai Bapa Kemerdekaan, merupakan Perdana Menteri Malaysia yang pertama."
8,Malaysia,Pentadbiran Negeri,MUDAH,"Apakah ibu negeri bagi negeri Selangor?","Shah Alam","Klang","Petaling Jaya","Subang Jaya","Shah Alam telah menjadi ibu negeri Selangor sejak tahun 1978, menggantikan Kuala Lumpur."
9,Malaysia,Pentadbiran Negeri,MUDAH,"Bandar Diraja bagi negeri Perak ialah...","Kuala Kangsar","Ipoh","Taiping","Teluk Intan","Kuala Kangsar adalah Bandar Diraja Perak, tempat terletaknya istana rasmi Sultan Perak."
10,Malaysia,Wilayah,MUDAH,"Berapakah bilangan negeri yang terdapat di Malaysia?","13","14","11","12","Malaysia terdiri daripada 13 buah negeri dan 3 Wilayah Persekutuan."
11,Malaysia,Wilayah,MUDAH,"Manakah antara berikut BUKAN sebuah Wilayah Persekutuan?","Melaka","Kuala Lumpur","Labuan","Putrajaya","Melaka adalah sebuah negeri bersejarah, manakala Kuala Lumpur, Labuan, dan Putrajaya adalah Wilayah Persekutuan."
12,Malaysia,Ciri Fizikal,MUDAH,"Apakah gunung tertinggi di Malaysia?","Gunung Kinabalu","Gunung Tahan","Gunung Korbu","Gunung Ledang","Gunung Kinabalu yang terletak di Sabah adalah gunung tertinggi di Malaysia dan juga di Asia Tenggara."
13,Malaysia,Ciri Fizikal,MUDAH,"Sungai terpanjang di Semenanjung Malaysia ialah...","Sungai Pahang","Sungai Perak","Sungai Kelantan","Sungai Muda","Sungai Pahang adalah sungai terpanjang di Semenanjung Malaysia dengan panjang melebihi 400 km."
14,Malaysia,Pembahagian Sejarah,MUDAH,"Negeri-negeri Selat terdiri daripada Pulau Pinang, Melaka dan...?","Singapura","Perak","Selangor","Pahang","Negeri-negeri Selat (Straits Settlements) adalah gabungan tiga jajahan British iaitu Pulau Pinang, Melaka, dan Singapura."
15,Malaysia,Sistem Monarki,MUDAH,"Ketua negara bagi Malaysia ialah...","Yang di-Pertuan Agong","Perdana Menteri","Sultan","Raja","Yang di-Pertuan Agong adalah ketua negara Malaysia yang dipilih dalam kalangan sembilan Raja-raja Melayu."
16,Malaysia,Sistem Monarki,MUDAH,"Apakah gelaran bagi ketua negeri Perlis?","Raja","Sultan","Yang di-Pertuan Besar","Yang di-Pertua Negeri","Perlis adalah satu-satunya negeri di Malaysia yang menggunakan gelaran 'Raja' untuk pemerintahnya."
17,Malaysia,Kepimpinan Kerajaan,MUDAH,"Siapakah yang digelar sebagai 'Bapa Pemodenan Malaysia'?","Tun Dr. Mahathir Mohamad","Tunku Abdul Rahman","Tun Abdul Razak Hussein","Tun Abdullah Ahmad Badawi","Tun Dr. Mahathir Mohamad digelar Bapa Pemodenan kerana usahanya dalam memajukan Malaysia melalui pelbagai projek mega."
18,Malaysia,Simbol Rasmi,SEDERHANA,"Siapakah pereka bendera Malaysia, Jalur Gemilang?","Mohamed bin Hamzah","Saiful Bahari","Hisham Albakri","Abdullah Ariff","Mohamed bin Hamzah, seorang arkitek dari Johor, telah memenangi pertandingan mereka cipta bendera Persekutuan Tanah Melayu pada tahun 1949."
19,Malaysia,Simbol Rasmi,SEDERHANA,"Lima bilah keris pada Jata Negara melambangkan...","Negeri-negeri Melayu Tidak Bersekutu","Negeri-negeri Melayu Bersekutu","Negeri-negeri Selat","Negeri Borneo","Lima bilah keris itu mewakili lima buah Negeri-negeri Melayu Tidak Bersekutu iaitu Johor, Kedah, Perlis, Kelantan, dan Terengganu."
20,Malaysia,Asas Negara,SEDERHANA,"Pada tahun berapakah Rukun Negara diisytiharkan?","1970","1969","1957","1963","Rukun Negara telah diisytiharkan pada 31 Ogos 1970 oleh Yang di-Pertuan Agong keempat, berikutan peristiwa 13 Mei 1969."
21,Malaysia,Asas Negara,SEDERHANA,"Prinsip Rukun Negara 'Keluhuran Perlembagaan' bermaksud...","Setiap warganegara perlu menghormati dan mematuhi Perlembagaan","Rakyat bebas melakukan apa sahaja","Hanya Raja yang perlu patuh pada Perlembagaan","Perlembagaan boleh diubah sesuka hati","Keluhuran Perlembagaan menekankan bahawa Perlembagaan adalah undang-undang tertinggi negara yang wajib dipatuhi oleh semua."
22,Malaysia,Kepimpinan Kerajaan,SEDERHANA,"Apakah nama penuh bagi Perdana Menteri Malaysia yang kedua?","Tun Abdul Razak bin Hussein","Tun Hussein bin Onn","Tun Abdullah bin Ahmad Badawi","Tun Dr. Mahathir bin Mohamad","Tun Abdul Razak bin Hussein, yang dikenali sebagai Bapa Pembangunan, adalah Perdana Menteri Malaysia yang kedua."
23,Malaysia,Pentadbiran Negeri,SEDERHANA,"Sebelum Shah Alam, apakah ibu negeri bagi Selangor?","Kuala Lumpur","Klang","Kajang","Rawang","Kuala Lumpur adalah ibu negeri Selangor sebelum ia diserahkan kepada Kerajaan Persekutuan untuk menjadi Wilayah Persekutuan pada 1974."
24,Malaysia,Pentadbiran Negeri,SEDERHANA,"Pekan adalah Bandar Diraja bagi negeri...","Pahang","Terengganu","Kelantan","Johor","Pekan merupakan Bandar Diraja bagi negeri Pahang, tempat terletaknya istana rasmi Sultan Pahang."
25,Malaysia,Wilayah,SEDERHANA,"Bilakah Pulau Pinang, Sabah dan Sarawak menyertai Persekutuan Tanah Melayu untuk membentuk Malaysia?","1963","1957","1965","1971","Malaysia dibentuk pada 16 September 1963 melalui penyertaan Persekutuan Tanah Melayu, Singapura, Borneo Utara (Sabah) dan Sarawak."
26,Malaysia,Wilayah,SEDERHANA,"Apakah nama asal bagi Wilayah Persekutuan Labuan?","Pulau Victoria","Pulau Papan","Pulau Kuraman","Pulau Burung","Nama asal Labuan ialah Pulau Victoria, yang diberikan oleh pihak British semasa zaman penjajahan."
27,Malaysia,Ciri Fizikal,SEDERHANA,"Tasik Chini, sebuah tasik air tawar semula jadi yang terkenal dengan lagenda naga, terletak di negeri mana?","Pahang","Terengganu","Perak","Kelantan","Tasik Chini adalah tasik air tawar kedua terbesar di Malaysia dan terletak di daerah Pekan, Pahang."
28,Malaysia,Ciri Fizikal,SEDERHANA,"Apakah nama banjaran gunung yang menjadi 'tulang belakang' Semenanjung Malaysia?","Banjaran Titiwangsa","Banjaran Crocker","Banjaran Bintang","Banjaran Keledang","Banjaran Titiwangsa terbentang dari utara ke selatan Semenanjung Malaysia dan menjadi legeh utama."
29,Malaysia,Pembahagian Sejarah,SEDERHANA,"Manakah antara berikut merupakan Negeri-negeri Melayu Bersekutu?","Perak, Selangor, Negeri Sembilan, Pahang","Johor, Kedah, Kelantan, Terengganu, Perlis","Pulau Pinang, Melaka, Singapura","Sabah, Sarawak","Negeri-negeri Melayu Bersekutu (Federated Malay States) ditubuhkan oleh British pada tahun 1896."
30,Malaysia,Pembahagian Sejarah,SEDERHANA,"Apakah ibu negeri bagi Negeri-negeri Melayu Bersekutu?","Kuala Lumpur","Taiping","Klang","Seremban","Kuala Lumpur dipilih sebagai pusat pentadbiran atau ibu negeri bagi Negeri-negeri Melayu Bersekutu."
31,Malaysia,Sistem Monarki,SEDERHANA,"Berapa lamakah tempoh pemerintahan bagi seorang Yang di-Pertuan Agong?","5 tahun","10 tahun","Seumur hidup","4 tahun","Setiap Yang di-Pertuan Agong memegang jawatan untuk tempoh lima tahun secara bergilir-gilir."
32,Malaysia,Sistem Monarki,SEDERHANA,"Negeri manakah yang mengamalkan sistem pemerintahan beraja yang unik di mana pemerintahnya dipilih?","Negeri Sembilan","Perlis","Kedah","Kelantan","Negeri Sembilan mengamalkan sistem Adat Perpatih di mana Yang di-Pertuan Besar dipilih oleh Undang Yang Empat."
33,Malaysia,Kepimpinan Kerajaan,SEDERHANA,"Dasar Ekonomi Baru (DEB) telah diperkenalkan oleh Perdana Menteri Malaysia yang ke berapa?","Kedua","Pertama","Ketiga","Keempat","Dasar Ekonomi Baru (DEB) telah dilancarkan pada tahun 1971 oleh Tun Abdul Razak Hussein untuk membasmi kemiskinan dan menyusun semula masyarakat."
34,Malaysia,Pentadbiran Negeri,SEDERHANA,"Seri Menanti adalah Bandar Diraja bagi negeri...","Negeri Sembilan","Pahang","Perak","Selangor","Seri Menanti adalah Bandar Diraja bagi Negeri Sembilan dan menempatkan Istana Besar Seri Menanti."
35,Malaysia,Simbol Rasmi,SUKAR,"Warna kuning pada Jalur Gemilang melambangkan...","Kedaulatan Raja-raja Melayu","Kesucian dan keluhuran","Keberanian rakyat","Perpaduan kaum","Warna kuning adalah warna diraja dan ia melambangkan kedaulatan serta kebesaran Raja-raja Melayu."
36,Malaysia,Simbol Rasmi,SUKAR,"Cogan kata 'Bersekutu Bertambah Mutu' pada Jata Negara ditulis dalam tulisan Rumi dan...?","Jawi","Sanskrit","Pallava","Kawi","Cogan kata pada Jata Negara ditulis dalam tulisan Rumi di sebelah kiri dan tulisan Jawi di sebelah kanan."
37,Malaysia,Asas Negara,SUKAR,"Peristiwa darurat yang membawa kepada pengisytiharan Rukun Negara dikenali sebagai...","Peristiwa 13 Mei 1969","Konfrontasi Indonesia-Malaysia","Darurat Tanah Melayu 1948","Perang Dunia Kedua","Rukun Negara dibentuk sebagai satu ideologi kebangsaan untuk menyatukan semula rakyat selepas berlakunya rusuhan kaum pada 13 Mei 1969."
38,Malaysia,Kepimpinan Kerajaan,SUKAR,"Wawasan 2020, sebuah gagasan untuk menjadikan Malaysia negara maju, telah dilancarkan oleh...","Tun Dr. Mahathir Mohamad","Tun Abdullah Ahmad Badawi","Dato' Sri Najib Tun Razak","Tunku Abdul Rahman","Wawasan 2020 telah diperkenalkan oleh Tun Dr. Mahathir Mohamad pada tahun 1991 semasa beliau menjadi Perdana Menteri keempat."
39,Malaysia,Pentadbiran Negeri,SUKAR,"Apakah nama lama bagi ibu negeri Sabah, Kota Kinabalu?","Jesselton","Elopura","Fort Margherita","Port Weld","Kota Kinabalu dahulunya dikenali sebagai Jesselton, sempena nama seorang pegawai Syarikat Borneo Utara British."
40,Malaysia,Pentadbiran Negeri,SUKAR,"Ibu negeri Sarawak, Kuching, mendapat namanya daripada sejenis buah. Apakah nama lain bagi bandar ini?","Bandaraya Perpaduan","Bandaraya Kucing","Bandaraya Kenyalang","Bandaraya Bersejarah","Kuching digelar 'Bandaraya Perpaduan' kerana keharmonian masyarakat berbilang kaum yang tinggal di sana."
41,Malaysia,Wilayah,SUKAR,"Singapura telah keluar daripada Persekutuan Malaysia pada tahun...","1965","1963","1969","1957","Singapura menjadi sebahagian daripada Malaysia pada tahun 1963 tetapi telah keluar daripada persekutuan pada 9 Ogos 1965."
42,Malaysia,Wilayah,SUKAR,"Putrajaya, pusat pentadbiran Kerajaan Persekutuan, dahulunya dikenali sebagai...","Prang Besar","Sungai Besi","Jenderam Hilir","Dengkil","Kawasan Putrajaya pada asalnya adalah sebuah ladang kelapa sawit dan getah yang dikenali sebagai Prang Besar di Selangor."
43,Malaysia,Ciri Fizikal,SUKAR,"Gua Niah di Sarawak terkenal kerana penemuan arkeologi penting. Apakah penemuan tersebut?","Tengkorak manusia tertua di Asia Tenggara","Lukisan gua purba","Alat-alat batu zaman Neolitik","Fosil dinosaur","Pada tahun 1958, ahli arkeologi menemui 'Deep Skull' di Gua Niah, yang merupakan bukti kewujudan manusia moden tertua di Asia Tenggara."
44,Malaysia,Ciri Fizikal,SUKAR,"Apakah nama selat yang memisahkan Semenanjung Malaysia dengan Pulau Sumatera, Indonesia?","Selat Melaka","Selat Tebrau","Selat Singapura","Selat Sunda","Selat Melaka adalah laluan perkapalan terpenting di dunia yang terletak di antara Semenanjung Malaysia dan Pulau Sumatera."
45,Malaysia,Pembahagian Sejarah,SUKAR,"Sistem Residen British telah mula diperkenalkan di negeri Perak berikutan termeterainya perjanjian...","Perjanjian Pangkor 1874","Perjanjian Inggeris-Belanda 1824","Perjanjian Burney 1826","Perjanjian Bangkok 1909","Perjanjian Pangkor yang ditandatangani pada tahun 1874 telah membuka jalan kepada campur tangan British secara rasmi di negeri-negeri Melayu."
46,Malaysia,Sistem Monarki,SUKAR,"Siapakah Yang di-Pertuan Agong yang memerintah sebanyak dua kali?","Tuanku Abdul Halim Mu'adzam Shah","Tuanku Ja'afar","Tuanku Syed Putra Jamalullail","Tuanku Abdul Rahman","Almarhum Sultan Abdul Halim Mu'adzam Shah dari Kedah adalah satu-satunya Sultan yang telah berkhidmat sebagai Yang di-Pertuan Agong sebanyak dua kali."
47,Malaysia,Sistem Monarki,SUKAR,"Apakah gelaran bagi isteri kepada Yang di-Pertuan Agong?","Raja Permaisuri Agong","Sultanah","Tengku Ampuan","Che' Puan Besar","Gelaran rasmi bagi isteri Yang di-Pertuan Agong ialah Seri Paduka Baginda Raja Permaisuri Agong."
48,Malaysia,Kepimpinan Kerajaan,SUKAR,"Siapakah satu-satunya Perdana Menteri Malaysia yang merupakan anak kepada bekas Perdana Menteri?","Dato' Sri Najib Tun Razak","Tun Hussein Onn","Tun Dr. Mahathir Mohamad","Tan Sri Muhyiddin Yassin","Dato' Sri Najib Tun Razak (Perdana Menteri ke-6) adalah anak kepada Tun Abdul Razak Hussein (Perdana Menteri ke-2)."
49,Malaysia,Asas Negara,SUKAR,"Perlembagaan Malaysia adalah berdasarkan sebuah suruhanjaya yang dikenali sebagai...","Suruhanjaya Reid","Suruhanjaya Cobbold","Suruhanjaya MacMichael","Suruhanjaya Simon","Suruhanjaya Reid ditubuhkan pada tahun 1956 untuk merangka dan mencadangkan Perlembagaan Persekutuan Tanah Melayu."
50,Malaysia,Pembahagian Sejarah,SUKAR,"James Brooke menjadi pemerintah Sarawak dan digelar sebagai...","Rajah Putih","Gabenor","Residen","Pesuruhjaya Tinggi","James Brooke dan keturunannya memerintah Sarawak sebagai pemerintah persendirian dengan gelaran 'Rajah Putih' (White Rajah)."
51,Asia Tenggara,Ibu Negara & Bandar Utama,MUDAH,"Apakah ibu negara bagi Thailand?","Bangkok","Hanoi","Manila","Jakarta","Bangkok adalah ibu negara dan bandar terbesar di Thailand, terkenal dengan kuil-kuilnya yang indah."
52,Asia Tenggara,Ibu Negara & Bandar Utama,MUDAH,"Jakarta adalah ibu negara bagi negara...","Indonesia","Filipina","Vietnam","Myanmar","Jakarta, yang terletak di Pulau Jawa, merupakan pusat pentadbiran dan ekonomi bagi negara Indonesia."
53,Asia Tenggara,Geografi & Mercu Tanda,MUDAH,"Menara Berkembar Petronas yang pernah menjadi bangunan tertinggi di dunia terletak di negara mana?","Malaysia","Singapura","Thailand","Indonesia","Menara Berkembar Petronas terletak di Kuala Lumpur, Malaysia, dan menjadi ikon moden negara tersebut."
54,Asia Tenggara,Geografi & Mercu Tanda,MUDAH,"Patung Merlion yang terkenal adalah ikon bagi negara...","Singapura","Brunei","Vietnam","Laos","Patung Merlion, dengan kepala singa dan badan ikan, adalah simbol dan tarikan pelancong yang popular di Singapura."
55,Asia Tenggara,Sejarah & Kerajaan,MUDAH,"Negara manakah di Asia Tenggara yang tidak pernah dijajah oleh kuasa Eropah?","Thailand","Malaysia","Indonesia","Vietnam","Thailand adalah satu-satunya negara di Asia Tenggara yang berjaya mengekalkan kemerdekaannya daripada penjajahan kuasa Barat."
56,Asia Tenggara,Budaya & Tradisi,MUDAH,"Pakaian tradisional 'Ao Dai' berasal dari negara...","Vietnam","Thailand","Kemboja","Laos","Ao Dai adalah pakaian tradisional Vietnam yang anggun, biasanya dipakai oleh wanita semasa perayaan atau majlis rasmi."
57,Asia Tenggara,Ekonomi & Mata Wang,MUDAH,"Apakah nama mata wang bagi negara Malaysia?","Ringgit","Baht","Rupiah","Peso","Mata wang rasmi Malaysia ialah Ringgit (MYR), yang dibahagikan kepada 100 sen."
58,Asia Tenggara,Ekonomi & Mata Wang,MUDAH,"Rupiah adalah mata wang bagi negara...","Indonesia","Filipina","Brunei","Singapura","Rupiah (IDR) adalah unit mata wang rasmi yang digunakan di seluruh Indonesia."
59,Asia Tenggara,Sungai & Gunung,MUDAH,"Sungai Mekong, salah satu sungai terpanjang di dunia, mengalir melalui beberapa negara di Asia Tenggara. Manakah antara berikut BUKAN salah satunya?","Malaysia","Vietnam","Kemboja","Laos","Sungai Mekong tidak mengalir melalui Malaysia. Ia mengalir dari China melalui Myanmar, Laos, Thailand, Kemboja dan Vietnam."
60,Asia Tenggara,Pulau & Laut,MUDAH,"Pulau Bali yang terkenal sebagai destinasi pelancongan terletak di negara...","Indonesia","Filipina","Thailand","Malaysia","Pulau Bali, yang dikenali sebagai 'Pulau Dewata', adalah sebahagian daripada negara kepulauan Indonesia."
61,Asia Tenggara,Pulau & Laut,MUDAH,"Filipina adalah sebuah negara kepulauan. Apakah lautan yang terletak di sebelah timur negara ini?","Lautan Pasifik","Lautan Hindi","Lautan Atlantik","Lautan Artik","Filipina terletak di pinggir barat Lautan Pasifik, lautan yang terbesar dan terdalam di dunia."
62,Asia Tenggara,ASEAN,MUDAH,"Apakah singkatan bagi pertubuhan serantau yang dianggotai oleh negara-negara Asia Tenggara?","ASEAN","APEC","OPEC","UN","ASEAN (Association of Southeast Asian Nations) atau Persatuan Negara-negara Asia Tenggara ditubuhkan untuk menggalakkan kerjasama ekonomi dan politik."
63,Asia Tenggara,ASEAN,MUDAH,"Berapakah bilangan negara anggota ASEAN pada masa kini?","10","11","8","12","ASEAN dianggotai oleh 10 negara: Brunei, Kemboja, Indonesia, Laos, Malaysia, Myanmar, Filipina, Singapura, Thailand, dan Vietnam."
64,Asia Tenggara,Ibu Negara & Bandar Utama,MUDAH,"Hanoi adalah ibu negara bagi...","Vietnam","Laos","Kemboja","Myanmar","Hanoi merupakan ibu negara bagi Republik Sosialis Vietnam, manakala Bandar Ho Chi Minh adalah bandar terbesarnya."
65,Asia Tenggara,Geografi & Mercu Tanda,MUDAH,"Pagoda Shwedagon yang disaluti emas terletak di bandar mana?","Yangon, Myanmar","Bangkok, Thailand","Hanoi, Vietnam","Phnom Penh, Kemboja","Pagoda Shwedagon adalah sebuah stupa Buddha yang paling suci di Myanmar dan terletak di Yangon."
66,Asia Tenggara,Budaya & Tradisi,MUDAH,"Tarian 'Ramayana' yang menceritakan kisah epik Hindu sangat popular di negara...","Indonesia","Vietnam","Filipina","Singapura","Tarian Ramayana, terutamanya di Jawa dan Bali, Indonesia, adalah persembahan drama tari yang sangat popular."
67,Asia Tenggara,Sungai & Gunung,MUDAH,"Gunung berapi yang paling aktif di Filipina ialah...","Gunung Mayon","Gunung Pinatubo","Gunung Apo","Gunung Taal","Gunung Mayon terkenal dengan bentuk konnya yang hampir sempurna dan merupakan gunung berapi yang paling aktif di Filipina."
68,Asia Tenggara,Ibu Negara & Bandar Utama,SEDERHANA,"Apakah ibu negara bagi negara Laos?","Vientiane","Luang Prabang","Phnom Penh","Naypyidaw","Vientiane, yang terletak di lembah Sungai Mekong, adalah ibu negara dan bandar terbesar di Laos."
69,Asia Tenggara,Ibu Negara & Bandar Utama,SEDERHANA,"Naypyidaw menjadi ibu negara Myanmar pada tahun 2005, menggantikan bandar...","Yangon (Rangoon)","Mandalay","Bagan","Inle","Kerajaan Myanmar secara rasmi memindahkan ibu negaranya dari Yangon ke Naypyidaw pada tahun 2005."
70,Asia Tenggara,Geografi & Mercu Tanda,SEDERHANA,"Kompleks kuil Angkor Wat yang megah terletak di negara mana?","Kemboja","Laos","Myanmar","Thailand","Angkor Wat adalah sebuah kompleks kuil Hindu-Buddha yang sangat besar di Kemboja dan merupakan monumen keagamaan terbesar di dunia."
71,Asia Tenggara,Geografi & Mercu Tanda,SEDERHANA,"Tasik Tonlé Sap, tasik air tawar terbesar di Asia Tenggara, terletak di...","Kemboja","Vietnam","Laos","Thailand","Tasik Tonlé Sap di Kemboja mempunyai ekosistem yang unik kerana aliran airnya berubah arah dua kali setahun."
72,Asia Tenggara,Sejarah & Kerajaan,SEDERHANA,"Negara manakah di Asia Tenggara yang mengamalkan sistem pemerintahan monarki mutlak?","Brunei Darussalam","Thailand","Kemboja","Malaysia","Brunei Darussalam adalah salah satu daripada beberapa negara di dunia yang masih mengamalkan sistem pemerintahan beraja mutlak."
73,Asia Tenggara,Sejarah & Kerajaan,SEDERHANA,"Perang Vietnam berlaku antara Vietnam Utara dan Vietnam Selatan. Siapakah yang menyokong Vietnam Selatan?","Amerika Syarikat","China","Kesatuan Soviet","Korea Utara","Amerika Syarikat dan sekutunya campur tangan secara besar-besaran untuk menyokong rejim Vietnam Selatan menentang Vietnam Utara yang komunis."
74,Asia Tenggara,Budaya & Tradisi,SEDERHANA,"Pesta Songkran, iaitu perayaan tahun baru yang disambut dengan bermain air, diraikan di negara mana?","Thailand","Vietnam","Indonesia","Filipina","Songkran adalah perayaan Tahun Baru tradisional Thai yang disambut pada bulan April setiap tahun."
75,Asia Tenggara,Budaya & Tradisi,SEDERHANA,"Wayang Kulit adalah sejenis teater bayang-bayang tradisional yang popular di Malaysia dan...","Indonesia","Thailand","Vietnam","Singapura","Wayang Kulit sangat popular di Pulau Jawa dan Bali di Indonesia, dengan cerita yang kebanyakannya berdasarkan epik Hindu."
76,Asia Tenggara,Ekonomi & Mata Wang,SEDERHANA,"Apakah nama mata wang bagi negara Thailand?","Baht","Kyat","Dong","Kip","Mata wang rasmi Thailand ialah Baht (THB)."
77,Asia Tenggara,Ekonomi & Mata Wang,SEDERHANA,"Dolar Brunei mempunyai nilai yang sama dan boleh digunakan di negara...","Singapura","Malaysia","Indonesia","Filipina","Di bawah Perjanjian Kesalingbolehtukaran Mata Wang, Dolar Brunei dan Dolar Singapura boleh digunakan di kedua-dua negara."
78,Asia Tenggara,Sungai & Gunung,SEDERHANA,"Gunung Kinabalu adalah puncak tertinggi di Asia Tenggara. Di manakah ia terletak?","Pulau Borneo","Pulau Jawa","Pulau Sumatera","Pulau Luzon","Gunung Kinabalu terletak di negeri Sabah, Malaysia, di bahagian utara Pulau Borneo."
79,Asia Tenggara,Pulau & Laut,SEDERHANA,"Pulau Luzon, Visayas, dan Mindanao adalah tiga kumpulan pulau utama bagi negara...","Filipina","Indonesia","Malaysia","Thailand","Filipina secara geografi terbahagi kepada tiga kumpulan pulau utama: Luzon di utara, Visayas di tengah, dan Mindanao di selatan."
80,Asia Tenggara,ASEAN,SEDERHANA,"Sekretariat ASEAN terletak di bandar...","Jakarta","Bangkok","Kuala Lumpur","Singapura","Ibu pejabat dan sekretariat tetap ASEAN terletak di Jakarta, ibu negara Indonesia."
81,Asia Tenggara,ASEAN,SEDERHANA,"Apakah moto bagi ASEAN?","Satu Visi, Satu Identiti, Satu Komuniti","Keamanan, Kestabilan, Kemakmuran","Bersatu Teguh, Bercerai Roboh","Perpaduan dalam Kepelbagaian","Moto rasmi ASEAN ialah 'One Vision, One Identity, One Community' (Satu Visi, Satu Identiti, Satu Komuniti)."
82,Asia Tenggara,Sejarah & Kerajaan,SEDERHANA,"Timor-Leste (Timor Timur) mencapai kemerdekaan penuh pada tahun 2002 selepas berpisah dari...","Indonesia","Portugal","Australia","Malaysia","Timor-Leste telah dijajah oleh Portugal, kemudian diduduki oleh Indonesia sebelum mencapai kemerdekaan penuh."
83,Asia Tenggara,Geografi & Mercu Tanda,SEDERHANA,"Teluk Ha Long, sebuah Tapak Warisan Dunia UNESCO yang terkenal dengan ribuan pulau batu kapur, terletak di negara...","Vietnam","Thailand","Filipina","Indonesia","Teluk Ha Long di utara Vietnam terkenal dengan pemandangan lautnya yang menakjubkan."
84,Asia Tenggara,Ibu Negara & Bandar Utama,SUKAR,"Bandar Seri Begawan adalah ibu negara bagi...","Brunei Darussalam","Timor-Leste","Laos","Kemboja","Bandar Seri Begawan adalah ibu negara dan bandar diraja bagi negara Brunei Darussalam."
85,Asia Tenggara,Geografi & Mercu Tanda,SUKAR,"Candi Borobudur, kuil Buddha terbesar di dunia, terletak di Pulau Jawa, ...","Indonesia","Malaysia","Filipina","Singapura","Candi Borobudur yang dibina pada abad ke-9 terletak di Magelang, Jawa Tengah, Indonesia."
86,Asia Tenggara,Sejarah & Kerajaan,SUKAR,"Siapakah pemimpin Revolusi Kemerdekaan Vietnam menentang Perancis?","Ho Chi Minh","Pol Pot","Jeneral Suharto","Ferdinand Marcos","Ho Chi Minh adalah tokoh utama dalam perjuangan Vietnam untuk kemerdekaan daripada Perancis dan kemudiannya Amerika Syarikat."
87,Asia Tenggara,Sejarah & Kerajaan,SUKAR,"Rejim Khmer Rouge yang kejam pernah memerintah negara mana pada tahun 1970-an?","Kemboja","Laos","Vietnam","Myanmar","Rejim Khmer Rouge di bawah pimpinan Pol Pot bertanggungjawab atas kematian berjuta-juta rakyat Kemboja antara tahun 1975 dan 1979."
88,Asia Tenggara,Budaya & Tradisi,SUKAR,"Sukan 'Sepak Takraw' yang popular di rantau ini menggunakan bola yang diperbuat daripada...?","Rotan","Getah","Plastik","Kulit","Bola takraw secara tradisionalnya ditenun daripada rotan, walaupun bola sintetik kini lebih biasa digunakan."
89,Asia Tenggara,Ekonomi & Mata Wang,SUKAR,"Apakah nama mata wang bagi negara Vietnam?","Dong","Kip","Riel","Kyat","Mata wang rasmi Vietnam ialah Dong (VND)."
90,Asia Tenggara,Ekonomi & Mata Wang,SUKAR,"Segi Tiga Pertumbuhan Indonesia-Malaysia-Thailand (IMT-GT) bertujuan untuk membangunkan ekonomi di kawasan...","Utara Semenanjung Malaysia, Selatan Thailand, dan Sumatera","Selatan Semenanjung Malaysia, Singapura, dan Kepulauan Riau","Seluruh Malaysia, Indonesia, dan Thailand","Kuala Lumpur, Jakarta, dan Bangkok","IMT-GT adalah satu inisiatif kerjasama untuk mempercepatkan pembangunan ekonomi di kawasan sempadan ketiga-tiga negara."
91,Asia Tenggara,Sungai & Gunung,SUKAR,"Gunung berapi Krakatoa yang letusannya pada tahun 1883 memberi kesan kepada cuaca global terletak di...","Selat Sunda, Indonesia","Selat Melaka, Malaysia","Teluk Siam, Thailand","Laut China Selatan, Filipina","Letusan dahsyat Gunung Berapi Krakatoa pada tahun 1883 menyebabkan tsunami besar dan menjejaskan iklim dunia."
92,Asia Tenggara,Sungai & Gunung,SUKAR,"Puncak Jaya (Carstensz Pyramid) adalah puncak tertinggi di Oceania tetapi secara politik ia terletak di negara Asia Tenggara, iaitu...","Indonesia","Papua New Guinea","Malaysia","Timor-Leste","Puncak Jaya terletak di wilayah Papua, Indonesia, dan merupakan puncak tertinggi di antara Banjaran Himalaya dan Andes."
93,Asia Tenggara,Pulau & Laut,SUKAR,"Terumbu Sawar Besar (Great Barrier Reef) adalah terumbu karang terbesar di dunia. Apakah nama terumbu karang kedua terbesar yang terletak di Asia Tenggara?","Terumbu Karang Tubbataha, Filipina","Raja Ampat, Indonesia","Taman Laut Tun Sakaran, Malaysia","Kepulauan Similan, Thailand","Terumbu Karang Tubbataha di Laut Sulu, Filipina, adalah Tapak Warisan Dunia UNESCO dan salah satu kawasan marin yang paling kaya dengan biodiversiti."
94,Asia Tenggara,ASEAN,SUKAR,"Negara manakah yang menjadi anggota ASEAN paling akhir, iaitu pada tahun 1999?","Kemboja","Vietnam","Laos","Myanmar","Kemboja menyertai ASEAN pada 30 April 1999, melengkapkan keanggotaan ASEAN kepada 10 negara."
95,Asia Tenggara,Sejarah & Kerajaan,SUKAR,"Apakah nama lama bagi Thailand?","Siam","Burma","Kampuchea","Tonkin","Thailand dikenali sebagai Siam sehingga tahun 1939, dan sekali lagi dari 1946 hingga 1948."
96,Asia Tenggara,Geografi & Mercu Tanda,SUKAR,"'Segitiga Emas' (Golden Triangle) adalah kawasan pertemuan sempadan tiga negara yang terkenal dengan penanaman candu. Negara-negara tersebut ialah...","Thailand, Laos, dan Myanmar","Thailand, Kemboja, dan Vietnam","Malaysia, Thailand, dan Myanmar","China, Vietnam, dan Laos","Segitiga Emas adalah kawasan di mana sempadan Thailand, Laos, dan Myanmar bertemu di pertemuan Sungai Ruak dan Sungai Mekong."
97,Asia Tenggara,Ibu Negara & Bandar Utama,SUKAR,"Apakah satu-satunya negara di Asia Tenggara yang tidak mempunyai pantai?","Laos","Kemboja","Myanmar","Brunei","Laos adalah sebuah negara yang dikelilingi daratan (landlocked country) dan tidak mempunyai akses terus ke laut."
98,Asia Tenggara,Budaya & Tradisi,SUKAR,"Tarian Kecak yang unik kerana muziknya dihasilkan oleh suara ramai penari lelaki ('cak-cak') berasal dari...","Bali, Indonesia","Luzon, Filipina","Chiang Mai, Thailand","Siem Reap, Kemboja","Tarian Kecak adalah sejenis drama tari Bali yang dipersembahkan oleh sekumpulan besar penari lelaki tanpa iringan alat muzik."
99,Asia Tenggara,Pulau & Laut,SUKAR,"Kepulauan Spratly di Laut China Selatan menjadi rebutan beberapa negara. Manakah antara berikut BUKAN salah satu negara tersebut?","Thailand","China","Vietnam","Filipina","Thailand tidak membuat tuntutan ke atas Kepulauan Spratly. Negara lain yang terlibat termasuk China, Vietnam, Filipina, Malaysia, dan Brunei."
100,Asia Tenggara,ASEAN,SUKAR,"Piagam ASEAN yang memberikan status undang-undang kepada pertubuhan ini telah ditandatangani pada tahun...","2007","1997","1967","2015","Piagam ASEAN telah ditandatangani oleh pemimpin-pemimpin ASEAN pada November 2007 di Singapura, memberikan kerangka institusi yang sah kepada ASEAN."
101,Asia,Negara & Ibu Negara,MUDAH,"Apakah ibu negara bagi Jepun?","Tokyo","Kyoto","Osaka","Sapporo","Tokyo adalah ibu negara Jepun dan merupakan kawasan metropolitan paling ramai penduduk di dunia."
102,Asia,Negara & Ibu Negara,MUDAH,"Beijing adalah ibu negara bagi negara...","China","Korea Selatan","Mongolia","Korea Utara","Beijing adalah ibu negara Republik Rakyat China dan salah satu bandar paling ramai penduduk di dunia."
103,Asia,Negara & Ibu Negara,MUDAH,"Apakah ibu negara bagi India?","New Delhi","Mumbai","Kolkata","Chennai","New Delhi adalah ibu negara India dan pusat bagi Kerajaan India."
104,Asia,Negara & Ibu Negara,MUDAH,"Riyadh adalah ibu negara bagi...","Arab Saudi","Emiriah Arab Bersatu","Qatar","Oman","Riyadh adalah ibu negara dan bandar terbesar di Arab Saudi."
105,Asia,Gunung & Banjaran,MUDAH,"Gunung Everest, gunung tertinggi di dunia, terletak di banjaran gunung mana?","Banjaran Himalaya","Banjaran Karakoram","Banjaran Hindu Kush","Banjaran Pamir","Gunung Everest terletak di Banjaran Himalaya di sempadan antara Nepal dan China."
106,Asia,Gunung & Banjaran,MUDAH,"Gunung Fuji adalah gunung berapi dan simbol ikonik bagi negara...","Jepun","China","Korea Selatan","Filipina","Gunung Fuji (Fujisan) adalah gunung tertinggi di Jepun dan dianggap suci oleh ramai orang."
107,Asia,Sungai & Tasik,MUDAH,"Sungai Yangtze (Chang Jiang) adalah sungai terpanjang di Asia. Ia terletak di negara mana?","China","India","Rusia","Pakistan","Sungai Yangtze adalah sungai ketiga terpanjang di dunia dan mengalir sepenuhnya di dalam negara China."
108,Asia,Sejarah & Tamadun,MUDAH,"Tembok Besar yang terkenal dibina untuk melindungi negara ini daripada serangan. Negara manakah itu?","China","Mongolia","India","Jepun","Tembok Besar China dibina selama berabad-abad untuk melindungi sempadan utara empayar China."
109,Asia,Sejarah & Tamadun,MUDAH,"Tamadun Mesopotamia, salah satu tamadun terawal dunia, berkembang di kawasan yang kini sebahagian besarnya adalah negara...","Iraq","Iran","Mesir","Turki","Tamadun Mesopotamia berkembang di antara sungai Tigris dan Euphrates, yang kini merupakan sebahagian besar negara Iraq."
110,Asia,Mercu Tanda Terkenal,MUDAH,"Taj Mahal, sebuah makam yang indah, terletak di bandar Agra, ...","India","Pakistan","Bangladesh","Nepal","Taj Mahal dibina oleh Maharaja Mughal Shah Jahan sebagai tanda cinta kepada isterinya, Mumtaz Mahal."
111,Asia,Mercu Tanda Terkenal,MUDAH,"Burj Khalifa, bangunan tertinggi di dunia, terletak di bandar...","Dubai, UAE","Doha, Qatar","Riyadh, Arab Saudi","Kuwait City, Kuwait","Burj Khalifa di Dubai, Emiriah Arab Bersatu (UAE), adalah struktur buatan manusia tertinggi di dunia."
112,Asia,Negara & Ibu Negara,MUDAH,"Apakah negara terbesar di Asia Tengah dari segi keluasan?","Kazakhstan","Uzbekistan","Turkmenistan","Kyrgyzstan","Kazakhstan adalah negara kesembilan terbesar di dunia dan yang terbesar di Asia Tengah."
113,Asia,Negara & Ibu Negara,MUDAH,"Islamabad adalah ibu negara bagi...","Pakistan","Bangladesh","Afghanistan","Sri Lanka","Islamabad dibina pada tahun 1960-an untuk menggantikan Karachi sebagai ibu negara Pakistan."
114,Asia,Sungai & Tasik,MUDAH,"Laut Mati (Dead Sea) yang terkenal dengan kemasinannya yang tinggi bersempadan dengan Jordan dan...?","Israel","Syria","Lubnan","Mesir","Laut Mati adalah sebuah tasik garam yang bersempadan dengan Jordan di timur dan Israel serta Tebing Barat di barat."
115,Asia,Sejarah & Tamadun,MUDAH,"Sistem tulisan terawal di dunia, iaitu kuneiform, dicipta oleh tamadun...","Sumeria (Mesopotamia)","Mesir Purba","Lembah Indus","China Purba","Orang Sumeria di Mesopotamia adalah yang pertama mencipta sistem tulisan, yang dikenali sebagai kuneiform."
116,Asia,Negara & Ibu Negara,MUDAH,"Tehran adalah ibu negara bagi negara...","Iran","Iraq","Turki","Syria","Tehran adalah ibu negara dan bandar terbesar di Iran, serta pusat ekonomi dan budaya negara itu."
117,Asia,Gunung & Banjaran,MUDAH,"Gurun Gobi, gurun sejuk yang besar, terletak di utara China dan selatan...?","Mongolia","Rusia","Kazakhstan","India","Gurun Gobi meliputi sebahagian besar wilayah di utara China dan selatan Mongolia."
118,Asia,Negara & Ibu Negara,SEDERHANA,"Seoul adalah ibu negara bagi...","Korea Selatan","Korea Utara","Taiwan","Mongolia","Seoul adalah ibu negara dan metropolis terbesar di Republik Korea (Korea Selatan)."
119,Asia,Negara & Ibu Negara,SEDERHANA,"Ulaanbaatar adalah ibu negara bagi...","Mongolia","Kazakhstan","Kyrgyzstan","Tajikistan","Ulaanbaatar adalah ibu negara dan bandar terbesar di Mongolia."
120,Asia,Negara & Ibu Negara,SEDERHANA,"Kathmandu adalah ibu negara bagi negara pergunungan...","Nepal","Bhutan","Tibet","Pakistan","Kathmandu adalah ibu negara Nepal, sebuah negara yang terkenal dengan Banjaran Himalaya."
121,Asia,Negara & Ibu Negara,SEDERHANA,"Ankara adalah ibu negara Turki, manakala bandar terbesarnya ialah...","Istanbul","Izmir","Bursa","Antalya","Walaupun Istanbul adalah bandar terbesar dan pusat ekonomi Turki, Ankara telah menjadi ibu negara sejak 1923."
122,Asia,Gunung & Banjaran,SEDERHANA,"Gunung K2, gunung kedua tertinggi di dunia, terletak di sempadan antara Pakistan dan...?","China","India","Afghanistan","Nepal","Gunung K2 terletak di Banjaran Karakoram di sempadan antara wilayah Gilgit-Baltistan di Pakistan dan wilayah Xinjiang di China."
123,Asia,Gunung & Banjaran,SEDERHANA,"Apakah nama dataran tinggi yang sangat luas dan tinggi di Asia Tengah, yang dikenali sebagai 'Bumbung Dunia'?","Dataran Tinggi Tibet","Dataran Tinggi Deccan","Dataran Tinggi Siberia","Dataran Tinggi Anatolia","Dataran Tinggi Tibet adalah dataran tinggi yang tertinggi dan terbesar di dunia, dengan purata ketinggian melebihi 4,500 meter."
124,Asia,Sungai & Tasik,SEDERHANA,"Sungai Indus yang menjadi asas kepada Tamadun Lembah Indus mengalir melalui China, India dan...?","Pakistan","Afghanistan","Bangladesh","Nepal","Sungai Indus mengalir dari Tibet, melalui wilayah Ladakh di India, dan kemudian ke seluruh Pakistan sebelum berakhir di Laut Arab."
125,Asia,Sungai & Tasik,SEDERHANA,"Tasik Baikal di Siberia, Rusia, memegang rekod sebagai tasik...","Terdalam dan tertua di dunia","Terbesar di dunia dari segi luas permukaan","Paling masin di dunia","Paling tinggi di dunia","Tasik Baikal adalah tasik air tawar terdalam dan tertua di dunia, dan juga mengandungi lebih banyak air daripada semua tasik air tawar lain jika digabungkan."
126,Asia,Sejarah & Tamadun,SEDERHANA,"Jalan Sutera (Silk Road) adalah rangkaian laluan perdagangan purba yang menghubungkan China dengan...","Eropah dan Timur Tengah","Asia Tenggara","Jepun dan Korea","India dan Afrika","Jalan Sutera adalah laluan penting untuk perdagangan sutera, rempah, dan idea antara tamadun China, India, Parsi, Arab, dan Eropah."
127,Asia,Sejarah & Tamadun,SEDERHANA,"Empayar Mongol yang diasaskan oleh Genghis Khan pada abad ke-13 merupakan empayar...","Daratan bersebelahan yang terbesar dalam sejarah","Maritim yang terbesar dalam sejarah","Yang paling lama bertahan dalam sejarah","Yang paling kaya dalam sejarah","Empayar Mongol adalah empayar daratan bersebelahan (contiguous) yang terbesar dalam sejarah dunia, terbentang dari Eropah Timur hingga ke Laut Jepun."
128,Asia,Mercu Tanda Terkenal,SEDERHANA,"Kota Larangan (Forbidden City), sebuah kompleks istana yang luas, terletak di tengah-tengah bandar...","Beijing, China","Seoul, Korea Selatan","Kyoto, Jepun","Taipei, Taiwan","Kota Larangan adalah istana empayar China dari zaman Dinasti Ming hingga akhir Dinasti Qing (1420 hingga 1912)."
129,Asia,Mercu Tanda Terkenal,SEDERHANA,"Petra, sebuah bandar purba yang diukir pada batu, terletak di negara...","Jordan","Mesir","Syria","Arab Saudi","Petra terkenal dengan seni bina batunya, terutamanya 'Al-Khazneh' (Perbendaharaan), dan merupakan Tapak Warisan Dunia UNESCO."
130,Asia,Negara & Ibu Negara,SEDERHANA,"Ashgabat, ibu negara Turkmenistan, terkenal dengan bangunan-bangunannya yang kebanyakannya berwarna putih dan diperbuat daripada...","Batu marmar","Batu granit","Batu kapur","Pasir","Ashgabat memegang Rekod Dunia Guinness untuk kepekatan bangunan bermarmar putih yang tertinggi di dunia."
131,Asia,Negara & Ibu Negara,SEDERHANA,"Sri Lanka dahulunya dikenali sebagai...","Ceylon","Siam","Formosa","Parsi","Sri Lanka dikenali sebagai Ceylon sehingga tahun 1972."
132,Asia,Sungai & Tasik,SEDERHANA,"Sungai Ganges (Ganga) dianggap suci oleh penganut agama Hindu. Ia mengalir melalui India dan berakhir di negara...","Bangladesh","Pakistan","Nepal","Myanmar","Sungai Ganges mengalir ke Teluk Bengal melalui delta yang luas di Bangladesh."
133,Asia,Sejarah & Tamadun,SEDERHANA,"Kertas, serbuk letupan, kompas dan percetakan adalah empat ciptaan agung dari tamadun...","China Purba","India Purba","Parsi Purba","Jepun Purba","Keempat-empat ciptaan ini dianggap sebagai sumbangan terpenting tamadun China purba kepada dunia."
134,Asia,Negara & Ibu Negara,SEDERHANA,"Negara manakah yang terletak di benua Asia dan Eropah?","Turki","Rusia","Kazakhstan","Mesir","Turki adalah sebuah negara transbenua, dengan sebahagian kecil wilayahnya (Thrace) di Eropah dan sebahagian besar (Anatolia) di Asia."
135,Asia,Negara & Ibu Negara,SUKAR,"Pyongyang adalah ibu negara bagi...","Korea Utara","Korea Selatan","Mongolia","Tibet","Pyongyang adalah ibu negara dan bandar terbesar Republik Demokratik Rakyat Korea (Korea Utara)."
136,Asia,Negara & Ibu Negara,SUKAR,"Tashkent adalah ibu negara bagi...","Uzbekistan","Tajikistan","Kyrgyzstan","Turkmenistan","Tashkent adalah ibu negara dan bandar terbesar di Uzbekistan, serta pusat ekonomi dan budaya di Asia Tengah."
137,Asia,Gunung & Banjaran,SUKAR,"Apakah nama banjaran gunung yang memisahkan benua Eropah dan Asia di Rusia?","Banjaran Ural","Banjaran Caucasus","Banjaran Altai","Banjaran Tian Shan","Secara tradisional, Banjaran Ural dianggap sebagai sempadan semula jadi antara benua Eropah dan Asia."
138,Asia,Sungai & Tasik,SUKAR,"Laut Aral yang terletak di antara Kazakhstan dan Uzbekistan telah mengecut secara drastik akibat...","Pengalihan air sungai untuk projek pengairan","Perubahan iklim global","Pembinaan empangan hidroelektrik","Pencemaran industri","Sungai-sungai yang mengalir ke Laut Aral telah dialihkan oleh Kesatuan Soviet pada tahun 1960-an untuk mengairi tanaman kapas, menyebabkan laut itu hampir kering."
139,Asia,Sejarah & Tamadun,SUKAR,"Kod Hammurabi, salah satu set undang-undang bertulis tertua yang paling lengkap, berasal dari tamadun...","Babylon (Mesopotamia)","Assyria (Mesopotamia)","Parsi","Hittite","Kod Hammurabi telah digubal oleh Raja Babylon, Hammurabi, sekitar tahun 1754 SM."
140,Asia,Sejarah & Tamadun,SUKAR,"Sistem kasta yang membahagikan masyarakat kepada beberapa kelas sosial adalah ciri utama tamadun purba di...","India","China","Jepun","Parsi","Sistem kasta adalah satu bentuk stratifikasi sosial yang sangat kompleks yang berasal dari tamadun India purba."
141,Asia,Mercu Tanda Terkenal,SUKAR,"Hagia Sophia di Istanbul, Turki, pada asalnya dibina sebagai sebuah gereja, kemudian ditukar menjadi masjid, muzium, dan kini masjid semula. Ia dibina oleh empayar...","Byzantine (Rom Timur)","Uthmaniyyah","Rom Barat","Parsi","Hagia Sophia dibina pada abad ke-6 sebagai katedral utama Empayar Byzantine di ibu kotanya, Constantinople (kini Istanbul)."
142,Asia,Mercu Tanda Terkenal,SUKAR,"Apakah nama padang pasir terbesar di Semenanjung Arab, yang juga dikenali sebagai 'Kawasan Kosong' (Empty Quarter)?","Rub' al Khali","Gurun Gobi","Gurun Thar","Gurun Karakum","Rub' al Khali adalah padang pasir berpasir (erg) yang terbesar di dunia, meliputi sebahagian besar selatan Semenanjung Arab."
143,Asia,Negara & Ibu Negara,SUKAR,"Thimphu adalah ibu negara bagi kerajaan Himalaya...","Bhutan","Nepal","Sikkim","Kashmir","Thimphu adalah ibu negara dan bandar terbesar Kerajaan Bhutan."
144,Asia,Negara & Ibu Negara,SUKAR,"Negara manakah yang dahulunya dikenali sebagai Parsi?","Iran","Iraq","Syria","Jordan","Iran secara rasmi dikenali sebagai Parsi sehingga tahun 1935."
145,Asia,Gunung & Banjaran,SUKAR,"Apakah nama titik terendah di permukaan daratan Bumi yang terletak di Asia?","Pantai Laut Mati","Lembangan Turpan","Lurah Jordan","Danau Assal","Pantai Laut Mati, yang dikongsi oleh Israel dan Jordan, adalah daratan yang paling rendah di Bumi, pada kira-kira 430 meter di bawah aras laut."
146,Asia,Sungai & Tasik,SUKAR,"Sungai Tigris dan Euphrates berasal dari pergunungan di negara mana sebelum mengalir melalui Syria dan Iraq?","Turki","Iran","Armenia","Azerbaijan","Kedua-dua sungai ini berpunca dari kawasan pergunungan di timur Turki."
147,Asia,Sejarah & Tamadun,SUKAR,"Angka sifar (0) sebagai satu konsep matematik dan nombor telah dicipta oleh ahli matematik dari tamadun...","India","China","Babylon","Maya","Konsep sifar dan sistem angka perpuluhan moden berasal dari India purba."
148,Asia,Negara & Ibu Negara,SUKAR,"Taiwan secara rasminya dikenali sebagai...","Republik China (Republic of China)","Republik Rakyat China (People's Republic of China)","Republik Taiwan (Republic of Taiwan)","Negara China Taipei (State of Chinese Taipei)","Nama rasmi Taiwan ialah Republik China (ROC), berbeza daripada Republik Rakyat China (PRC) yang memerintah tanah besar."
149,Asia,Negara & Ibu Negara,SUKAR,"Negara manakah yang tidak mempunyai sungai kekal?","Arab Saudi","Iraq","Iran","Turki","Arab Saudi adalah negara terbesar di dunia yang tidak mempunyai sebarang sungai yang mengalir sepanjang tahun."
150,Asia,Mercu Tanda Terkenal,SUKAR,"Apakah nama tapak arkeologi di Pakistan yang merupakan salah satu penempatan bandar terbesar bagi tamadun Lembah Indus?","Mohenjo-Daro","Harappa","Lothal","Taxila","Mohenjo-Daro, yang bermaksud 'Gundukan Orang Mati', adalah sebuah bandar yang sangat terancang yang dibina sekitar 2500 SM."
151,Dunia,Benua (Eropah),MUDAH,"Apakah ibu negara bagi Perancis?","Paris","London","Rom","Berlin","Paris, yang terkenal dengan Menara Eiffel dan Muzium Louvre, adalah ibu negara Perancis."
152,Dunia,Benua (Eropah),MUDAH,"Colosseum, sebuah amfiteater purba yang besar, terletak di bandar...","Rom, Itali","Athens, Greece","Paris, Perancis","London, UK","Colosseum adalah simbol ikonik bagi bandar Rom dan merupakan amfiteater terbesar yang pernah dibina."
153,Dunia,Benua (Afrika),MUDAH,"Apakah sungai terpanjang di dunia?","Sungai Nil","Sungai Amazon","Sungai Yangtze","Sungai Mississippi","Sungai Nil di Afrika adalah sungai terpanjang di dunia, mengalir ke utara menuju Laut Mediterranean."
154,Dunia,Benua (Afrika),MUDAH,"Piramid Giza yang terkenal terletak di negara...","Mesir","Sudan","Libya","Algeria","Piramid-piramid Giza, termasuk Piramid Agung, dibina sebagai makam untuk firaun-firaun Mesir purba."
155,Dunia,Benua (Amerika Utara),MUDAH,"Patung Liberty (Statue of Liberty) adalah hadiah dari Perancis kepada negara mana?","Amerika Syarikat","Kanada","Mexico","Brazil","Patung Liberty di New York adalah hadiah daripada rakyat Perancis kepada Amerika Syarikat pada tahun 1886."
156,Dunia,Benua (Amerika Utara),MUDAH,"Apakah ibu negara bagi Kanada?","Ottawa","Toronto","Vancouver","Montreal","Walaupun Toronto adalah bandar terbesar, Ottawa adalah ibu negara bagi Kanada."
157,Dunia,Benua (Amerika Selatan),MUDAH,"Hutan hujan yang terbesar di dunia ialah...","Hutan Hujan Amazon","Hutan Hujan Congo","Hutan Hujan Daintree","Hutan Hujan Borneo","Hutan Hujan Amazon di Amerika Selatan adalah hutan hujan tropika yang terbesar di dunia."
158,Dunia,Benua (Amerika Selatan),MUDAH,"Negara manakah yang terkenal dengan tarian Samba dan sukan bola sepak?","Brazil","Argentina","Colombia","Chile","Brazil terkenal di seluruh dunia dengan budaya karnival, tarian Samba, dan kejayaan pasukan bola sepaknya."
159,Dunia,Benua (Oceania),MUDAH,"Apakah haiwan marsupial yang melompat dan menjadi simbol Australia?","Kanggaru","Koala","Wombat","Wallaby","Kanggaru adalah mamalia berkantung (marsupial) yang terkenal dari Australia."
160,Dunia,Benua (Oceania),MUDAH,"Apakah ibu negara bagi Australia?","Canberra","Sydney","Melbourne","Brisbane","Walaupun Sydney dan Melbourne lebih besar, Canberra dipilih sebagai ibu negara kompromi pada tahun 1908."
161,Dunia,Benua (Antartika),MUDAH,"Benua manakah yang paling sejuk, kering, dan berangin di dunia?","Antartika","Asia","Afrika","Eropah","Antartika adalah benua yang hampir keseluruhannya diliputi ais dan merupakan tempat paling sejuk di Bumi."
162,Dunia,Lautan Dunia,MUDAH,"Berapakah bilangan lautan utama di dunia?","5","4","3","6","Lima lautan utama ialah Pasifik, Atlantik, Hindi, Selatan (Antartik), dan Artik."
163,Dunia,Lautan Dunia,MUDAH,"Lautan manakah yang terbesar dan terdalam di dunia?","Lautan Pasifik","Lautan Atlantik","Lautan Hindi","Lautan Artik","Lautan Pasifik meliputi kira-kira satu pertiga daripada permukaan Bumi."
164,Dunia,Organisasi Antarabangsa,MUDAH,"Apakah nama singkatan bagi Pertubuhan Bangsa-Bangsa Bersatu?","PBB (UN)","WHO","UNESCO","UNICEF","Pertubuhan Bangsa-Bangsa Bersatu (United Nations) adalah organisasi antarabangsa yang ditubuhkan untuk menggalakkan keamanan dan kerjasama dunia."
165,Dunia,Benua (Eropah),MUDAH,"Tembok Berlin yang memisahkan bandar itu selama hampir 30 tahun terletak di negara mana?","Jerman","Poland","Hungary","Austria","Tembok Berlin memisahkan Berlin Barat dan Berlin Timur (dan seluruh Jerman Timur) dari tahun 1961 hingga 1989."
166,Dunia,Benua (Afrika),MUDAH,"Gurun manakah yang terbesar di dunia?","Gurun Sahara","Gurun Gobi","Gurun Arab","Gurun Kalahari","Gurun Sahara di utara Afrika adalah gurun panas terbesar di dunia, meliputi sebahagian besar kawasan tersebut."
167,Dunia,Benua (Amerika Utara),MUDAH,"Grand Canyon, sebuah ngarai curam yang sangat besar, terletak di negeri Arizona, ...","Amerika Syarikat","Mexico","Kanada","Cuba","Grand Canyon diukir oleh Sungai Colorado selama berjuta-juta tahun dan merupakan salah satu keajaiban semula jadi dunia."
168,Dunia,Benua (Eropah),SEDERHANA,"Negara manakah yang terkenal dengan kincir angin, bunga tulip, dan terusan?","Belanda (Netherlands)","Denmark","Belgium","Switzerland","Imej kincir angin, tulip, dan terusan sangat sinonim dengan landskap dan budaya Belanda."
169,Dunia,Benua (Eropah),SEDERHANA,"Parthenon, sebuah kuil purba yang didedikasikan untuk dewi Athena, terletak di atas Akropolis di bandar...","Athens, Greece","Rom, Itali","Sparta, Greece","Olympia, Greece","Parthenon adalah simbol utama tamadun Yunani kuno dan demokrasi Athens."
170,Dunia,Benua (Afrika),SEDERHANA,"Apakah nama air terjun terbesar di dunia dari segi isipadu air yang terletak di sempadan Zambia dan Zimbabwe?","Air Terjun Victoria","Air Terjun Niagara","Air Terjun Angel","Air Terjun Iguazu","Air Terjun Victoria, yang dikenali oleh penduduk tempatan sebagai 'Mosi-oa-Tunya' (Asap yang Berguruh), membentuk tirai air terbesar di dunia."
171,Dunia,Benua (Afrika),SEDERHANA,"Nelson Mandela adalah seorang pemimpin anti-aparteid yang menjadi presiden pertama bagi negara...","Afrika Selatan","Nigeria","Kenya","Ghana","Nelson Mandela berjuang menentang sistem aparteid (pemisahan kaum) dan menjadi presiden kulit hitam pertama Afrika Selatan."
172,Dunia,Benua (Amerika Utara),SEDERHANA,"Terusan Panama menghubungkan Lautan Atlantik dengan lautan mana?","Lautan Pasifik","Lautan Hindi","Lautan Artik","Lautan Selatan","Terusan Panama adalah jalan air buatan manusia yang memendekkan perjalanan kapal dengan membenarkan mereka merentasi Segenting Panama."
173,Dunia,Benua (Amerika Selatan),SEDERHANA,"Machu Picchu, sebuah kota purba kaum Inca, terletak di pergunungan Andes di negara...","Peru","Chile","Bolivia","Ecuador","Machu Picchu adalah tapak kubu kaum Inca yang paling terkenal, terletak tinggi di Banjaran Andes."
174,Dunia,Benua (Amerika Selatan),SEDERHANA,"Kepulauan Galapagos yang terkenal dengan hidupan liar unik yang mengilhamkan Teori Evolusi Charles Darwin adalah milik negara...","Ecuador","Colombia","Peru","Chile","Kepulauan Galapagos terletak di Lautan Pasifik dan merupakan sebuah wilayah di Ecuador."
175,Dunia,Benua (Oceania),SEDERHANA,"Apakah nama penduduk asli Australia?","Aborigin","Maori","Polinesia","Melanesia","Orang Aborigin adalah penduduk asal benua Australia, dengan budaya yang merupakan antara yang tertua di dunia."
176,Dunia,Benua (Oceania),SEDERHANA,"Penduduk asli New Zealand dikenali sebagai...","Maori","Aborigin","Samoa","Fiji","Orang Maori adalah penduduk Polinesia asli New Zealand dan budaya mereka memainkan peranan penting dalam identiti negara itu."
177,Dunia,Benua (Antartika),SEDERHANA,"Haiwan apakah yang paling sinonim dengan benua Antartika?","Penguin","Beruang kutub","Walrus","Anjing laut","Pelbagai spesis penguin, seperti Penguin Maharaja dan Adélie, hidup dan membiak di Antartika. Beruang kutub hanya hidup di Artik."
178,Dunia,Lautan Dunia,SEDERHANA,"Segitiga Bermuda, sebuah kawasan misteri di mana kapal dan pesawat dilaporkan hilang, terletak di bahagian barat...","Lautan Atlantik","Lautan Pasifik","Lautan Hindi","Lautan Artik","Segitiga Bermuda secara umumnya terletak di antara Bermuda, Florida, dan Puerto Rico di Lautan Atlantik."
179,Dunia,Organisasi Antarabangsa,SEDERHANA,"Ibu pejabat Pertubuhan Bangsa-Bangsa Bersatu (PBB) terletak di bandar...","New York, Amerika Syarikat","Geneva, Switzerland","Paris, Perancis","London, UK","Kompleks ibu pejabat PBB terletak di Manhattan, New York City, di atas tanah yang dianggap wilayah antarabangsa."
180,Dunia,Organisasi Antarabangsa,SEDERHANA,"WHO adalah agensi PBB yang bertanggungjawab dalam bidang...","Kesihatan awam antarabangsa","Pendidikan, sains dan budaya","Kanak-kanak","Makanan dan pertanian","Pertubuhan Kesihatan Sedunia (World Health Organization) berusaha untuk memastikan semua orang mencapai tahap kesihatan yang terbaik."
181,Dunia,Benua (Afrika),SEDERHANA,"Tasik Victoria, tasik air tawar kedua terbesar di dunia, dikongsi oleh tiga negara: Uganda, Kenya, dan...?","Tanzania","Rwanda","Burundi","Sudan Selatan","Tasik Victoria adalah tasik terbesar di Afrika dan merupakan sumber utama bagi cawangan Sungai Nil Putih."
182,Dunia,Benua (Amerika Selatan),SEDERHANA,"Apakah nama padang pasir di Chile yang merupakan tempat paling kering di dunia?","Gurun Atacama","Gurun Patagonia","Gurun Sechura","Gurun Monte","Beberapa kawasan di Gurun Atacama tidak pernah menerima hujan yang boleh diukur."
183,Dunia,Benua (Eropah),SEDERHANA,"Negara manakah yang berbentuk seperti but dan terletak di Laut Mediterranean?","Itali","Greece","Sepanyol","Portugal","Peta negara Itali sering digambarkan kelihatan seperti but berhak tinggi."
184,Dunia,Benua (Eropah),SUKAR,"Negara manakah yang mempunyai empat bahasa rasmi: Jerman, Perancis, Itali, dan Romansh?","Switzerland","Belgium","Luxembourg","Austria","Switzerland terkenal dengan dasar neutralitinya dan kepelbagaian bahasanya yang diiktiraf secara rasmi."
185,Dunia,Benua (Eropah),SUKAR,"Vatican City, negara terkecil di dunia, terletak di dalam bandar...","Rom, Itali","Paris, Perancis","Madrid, Sepanyol","Vienna, Austria","Vatican City adalah sebuah negara-kota berdaulat yang enklafnya terletak di dalam Rom, Itali."
186,Dunia,Benua (Afrika),SUKAR,"Apakah nama rekahan geologi besar yang terbentang dari utara Syria hingga ke tengah Mozambique di Afrika Timur?","Lembah Rengkahan Besar (Great Rift Valley)","Jurang Mariana","Ngarai San Andreas","Lurah Kematian (Death Valley)","Lembah Rengkahan Besar adalah satu siri parit geografi yang panjang, hasil daripada pemisahan plat tektonik Afrika dan Arab."
187,Dunia,Benua (Afrika),SUKAR,"Timbuktu, sebuah bandar yang pernah menjadi pusat perdagangan dan keilmuan Islam yang penting, terletak di negara moden...","Mali","Niger","Nigeria","Chad","Pada zaman kegemilangannya, Timbuktu adalah pusat penyebaran ilmu Islam yang utama di Afrika."
188,Dunia,Benua (Amerika Utara),SUKAR,"Greenland, pulau terbesar di dunia, adalah wilayah autonomi di bawah kerajaan...","Denmark","Kanada","Iceland","Norway","Walaupun secara geografi sebahagian daripada benua Amerika Utara, Greenland mempunyai hubungan politik dan budaya dengan Eropah."
189,Dunia,Benua (Amerika Selatan),SUKAR,"Air terjun tertinggi di dunia, Air Terjun Angel, terletak di negara...","Venezuela","Brazil","Colombia","Argentina","Air Terjun Angel mempunyai ketinggian 979 meter dan terjunan tanpa gangguan setinggi 807 meter."
190,Dunia,Benua (Oceania),SUKAR,"Uluru, juga dikenali sebagai Ayers Rock, adalah sebuah formasi batu pasir besar yang dianggap suci oleh orang Aborigin. Ia terletak di...","Kawasan Pedalaman (Outback) Australia","Pulau Utara New Zealand","Pulau Tasmania","Papua New Guinea","Uluru terletak di Wilayah Utara Australia dan terkenal kerana warnanya yang berubah-ubah pada waktu matahari terbit dan terbenam."
191,Dunia,Benua (Antartika),SUKAR,"Perjanjian Antartika yang ditandatangani pada tahun 1959 menetapkan bahawa benua itu hanya boleh digunakan untuk tujuan...","Penyelidikan saintifik yang aman","Perlombongan komersial","Ujian ketenteraan","Pelancongan tanpa had","Perjanjian itu melarang aktiviti ketenteraan dan perlombongan mineral, serta menggalakkan kebebasan penyelidikan saintifik untuk keamanan."
192,Dunia,Lautan Dunia,SUKAR,"Jurang Mariana (Mariana Trench), titik terdalam di semua lautan dunia, terletak di...","Lautan Pasifik","Lautan Atlantik","Lautan Hindi","Lautan Artik","Challenger Deep di dalam Jurang Mariana adalah titik paling dalam yang diketahui di hidrosfera Bumi."
193,Dunia,Organisasi Antarabangsa,SUKAR,"Mahkamah Keadilan Antarabangsa (ICJ), badan kehakiman utama PBB, berpusat di bandar...","The Hague, Belanda","Geneva, Switzerland","New York, Amerika Syarikat","Brussels, Belgium","The Hague sering dirujuk sebagai 'ibu kota undang-undang antarabangsa' kerana ia menempatkan banyak mahkamah dan tribunal antarabangsa."
194,Dunia,Organisasi Antarabangsa,SUKAR,"Apakah tujuan utama OPEC (Organization of the Petroleum Exporting Countries)?","Menyelaraskan dan menyatukan dasar petroleum negara anggota","Menggalakkan perdagangan bebas di seluruh dunia","Menetapkan harga untuk semua komoditi tenaga","Menyediakan bantuan kemanusiaan kepada negara miskin","OPEC ditubuhkan untuk menyelaraskan dasar-dasar berkaitan pengeluaran dan harga minyak mentah di kalangan negara-negara pengeluar minyak utama."
195,Dunia,Benua (Eropah),SUKAR,"Chernobyl, tapak kemalangan nuklear terburuk dalam sejarah, terletak di negara moden...","Ukraine","Rusia","Belarus","Lithuania","Pada tahun 1986, Loji Kuasa Nuklear Chernobyl di Ukraine (ketika itu sebahagian daripada Kesatuan Soviet) mengalami letupan dahsyat."
196,Dunia,Benua (Afrika),SUKAR,"Kerajaan Aksum, sebuah kuasa perdagangan maritim yang penting pada zaman purba, berpusat di kawasan yang kini adalah negara...","Ethiopia dan Eritrea","Mesir dan Sudan","Nigeria dan Cameroon","Afrika Selatan dan Zimbabwe","Kerajaan Aksum adalah pemain utama dalam laluan perdagangan antara Empayar Rom dan India kuno."
197,Dunia,Benua (Amerika Selatan),SUKAR,"Bahasa rasmi yang paling banyak dituturkan di Amerika Selatan ialah...","Bahasa Sepanyol","Bahasa Portugis","Bahasa Inggeris","Bahasa Perancis","Walaupun Brazil (yang berbahasa Portugis) adalah negara terbesar, lebih banyak negara di Amerika Selatan menggunakan Bahasa Sepanyol sebagai bahasa rasmi."
198,Dunia,Lautan Dunia,SUKAR,"Arus Teluk (Gulf Stream) adalah arus lautan yang kuat dan hangat di Lautan Atlantik yang sangat mempengaruhi iklim di...","Pesisir timur Amerika Utara dan Eropah Barat","Pesisir barat Amerika Selatan","Asia Tenggara","Australia Timur","Arus Teluk membawa air hangat dari Teluk Mexico ke Atlantik, menjadikan iklim di Eropah Barat lebih sederhana daripada yang sepatutnya."
199,Dunia,Benua (Oceania),SUKAR,"Negara manakah di Oceania yang terdiri daripada dua daratan utama (Pulau Utara dan Pulau Selatan) dan banyak pulau kecil?","New Zealand","Australia","Papua New Guinea","Fiji","Dua pulau utama New Zealand dipisahkan oleh Selat Cook."
200,Dunia,Benua (Eropah),SUKAR,"Interlaken adalah sebuah bandar peranginan popular yang terletak di antara dua tasik di negara pergunungan...","Switzerland","Austria","Jerman","Itali","Nama 'Interlaken' bermaksud 'antara tasik' (Tasik Thun dan Tasik Brienz) dan ia terletak di kawasan pergunungan Bernese Oberland di Switzerland."
