id,kategori,subKategori,tahap,soalan,pilihan_A,pilihan_B,pilihan_C,pilihan_D,penerangan
1,Kenegaraan dan Identiti Nasional Malaysia,Simbol Rasmi,MUDAH,"Berdasarkan buku, apakah bunga yang telah diisytiharkan sebagai Bunga Kebangsaan pada 28 Julai 1960?","Bunga Raya","Bunga Mawar","Bunga Orkid","Bunga Matahari","Buku Pengetahuan Am PKSK menyatakan Bunga Raya diisytiharkan sebagai Bunga Kebangsaan pada 28 Julai 1960."
2,Kenegaraan dan Identiti Nasional Malaysia,Simbol Rasmi,MUDAH,"Menurut buku, lagu kebangsaan 'NEGARAKU' telah dicipta pada tahun berapa?","1957","1963","1970","1955","Buku ini menyatakan bahawa lagu 'NEGARAKU' telah dicipta pada tahun 1957."
3,Kenegaraan dan Identiti Nasional Malaysia,Simbol Rasmi,MUDAH,"Berapakah jalur yang terdapat pada bendera Malaysia versi tahun 1963?","14 Jalur","11 Jalur","13 Jalur","15 Jalur","Menurut rajah sejarah bendera dalam buku, bendera Malaysia pada tahun 1963 mempunyai 14 jalur."
4,Kenegaraan dan Identiti Nasional Malaysia,Simbol Rasmi,MUDAH,"Apakah warna pada Jalur Gemilang yang menunjukkan keberanian?","Merah","Kuning","Biru Tua","Putih","Berdasarkan buku, warna merah pada bendera Malaysia menunjukkan keberanian."
5,Kenegaraan dan Identiti Nasional Malaysia,Asas Negara,MUDAH,"Apakah nama lain bagi Perlembagaan Malaysia seperti yang dinyatakan dalam buku?","Perlembagaan Persekutuan","Undang-undang Negara","Kanun Malaysia","Piagam Malaysia","Buku ini menyatakan Perlembagaan Malaysia turut dikenali sebagai Perlembagaan Persekutuan."
6,Kenegaraan dan Identiti Nasional Malaysia,Asas Negara,MUDAH,"Rukun Negara telah diisytiharkan pada 31 Ogos tahun berapa?","1970","1957","1963","1969","Menurut buku, Rukun Negara telah diisytiharkan pada 31 Ogos 1970."
7,Kenegaraan dan Identiti Nasional Malaysia,Simbol Rasmi,MUDAH,"Apakah lambang Agama Islam sebagai agama persekutuan pada Jalur Gemilang?","Bulan dan Bintang","Warna Biru Tua","Bintang Pecah 14","Warna Kuning","Buku ini menyatakan bahawa Bulan dan Bintang pada bendera melambangkan Agama Islam sebagai agama persekutuan negara."
8,Kenegaraan dan Identiti Nasional Malaysia,Simbol Rasmi,MUDAH,"Apakah yang dilambangkan oleh dua ekor harimau pada Jata Negara?","Simbol keberanian, kegagahan & kekuatan","Simbol 13 Negeri & Kerajaan Persekutuan","Simbol Islam sebagai agama persekutuan","Simbol kedaulatan Raja-raja Melayu","Menurut rajah Jata Negara dalam buku, dua ekor harimau adalah simbol keberanian, kegagahan dan kekuatan."
9,Kenegaraan dan Identiti Nasional Malaysia,Simbol Rasmi,MUDAH,"Apakah yang diwakili oleh imej Pokok Pinang pada Jata Negara?","Pulau Pinang","Sabah","Sarawak","Melaka","Imej Pokok Pinang dan Jambatan Pulau Pinang pada Jata Negara mewakili negeri Pulau Pinang."
10,Kenegaraan dan Identiti Nasional Malaysia,Simbol Rasmi,MUDAH,"Bintang pecah 14 pada Jata Negara menandakan 13 Negeri dan...?","Kerajaan Persekutuan","Wilayah Diraja","Tanah Jajahan","Daerah Khas","Buku ini menerangkan bahawa bintang pecah 14 menandakan 13 Negeri dan Kerajaan Persekutuan."
11,Kenegaraan dan Identiti Nasional Malaysia,Simbol Rasmi,MUDAH,"Apakah warna pada Jalur Gemilang yang melambangkan kesucian, keikhlasan dan kesungguhan?","Putih","Merah","Kuning","Biru Tua","Berdasarkan buku, warna putih pada bendera menunjukkan kesucian, keikhlasan dan kesungguhan."
12,Kenegaraan dan Identiti Nasional Malaysia,Simbol Rasmi,MUDAH,"Siapakah nama pereka Jalur Gemilang yang gambarnya terdapat dalam buku?","Mohamed Bin Hamzah","Tunku Abdul Rahman","Tun Abdul Razak","Saiful Bahari","Buku ini memaparkan gambar Mohamed Bin Hamzah (1918-1993) sebagai pereka Jalur Gemilang."
13,Kenegaraan dan Identiti Nasional Malaysia,Asas Negara,MUDAH,"Perlembagaan Malaysia juga dikenali sebagai Perlembagaan...?","Persekutuan","Diraja","Rakyat","Negara","Nota 1 dalam buku menyatakan Perlembagaan Malaysia turut dikenali sebagai Perlembagaan Persekutuan."
14,Kenegaraan dan Identiti Nasional Malaysia,Simbol Rasmi,MUDAH,"Apakah yang dilambangkan oleh warna biru tua pada bendera Malaysia?","Perpaduan rakyat berbilang kaum","Keberanian","Kedaulatan Raja","Kesucian","Menurut buku, warna biru tua menunjukkan perpaduan rakyat berbilang kaum dalam negara."
15,Kenegaraan dan Identiti Nasional Malaysia,Simbol Rasmi,MUDAH,"Imej Pokok Melaka pada Jata Negara mewakili negeri Melaka yang pernah menjadi sebahagian daripada...?","Negeri-negeri Selat","Negeri-negeri Melayu Bersekutu","Negeri-negeri Melayu Tidak Bersekutu","Kerajaan Borneo","Rajah Jata Negara dalam buku menyatakan imej Pokok Melaka mewakili Melaka yang pernah menjadi sebahagian negeri-negeri Selat."
16,Kenegaraan dan Identiti Nasional Malaysia,Simbol Rasmi,MUDAH,"Bintang bersama anak bulan pada Jata Negara melambangkan...?","Islam agama persekutuan","Perpaduan 13 negeri","Kedaulatan Raja-raja","Keberanian pahlawan","Buku ini menyatakan bintang bersama anak bulan pada Jata Negara melambangkan Islam sebagai agama persekutuan di Malaysia."
17,Kenegaraan dan Identiti Nasional Malaysia,Simbol Rasmi,MUDAH,"Bendera Persekutuan Tanah Melayu pada tahun 1957 mempunyai berapa jalur?","11 Jalur","14 Jalur","10 Jalur","12 Jalur","Rajah sejarah bendera dalam buku menunjukkan bendera Malaya 1957 mempunyai 11 jalur."
18,Kenegaraan dan Identiti Nasional Malaysia,Simbol Rasmi,SEDERHANA,"Pada Jata Negara, 5 bilah keris mewakili Negeri-negeri Melayu Tidak Bersekutu. Manakah antara berikut BUKAN salah satu daripadanya?","Pahang","Johor","Kedah","Perlis","Pahang termasuk dalam Negeri-negeri Melayu Bersekutu yang dilambangkan oleh jalur warna pada perisai, bukan oleh 5 bilah keris."
19,Kenegaraan dan Identiti Nasional Malaysia,Simbol Rasmi,SEDERHANA,"Warna kuning pada awan-awan di Jata Negara adalah warna diraja bagi...?","Duli-Duli Yang Maha Mulia Raja-Raja Melayu","Yang di-Pertuan Agong sahaja","Perdana Menteri","Sultan Brunei","Buku ini menyatakan warna kuning pada awan-awan adalah warna diraja bagi Duli-Duli Yang Maha Mulia Raja-Raja Melayu."
20,Kenegaraan dan Identiti Nasional Malaysia,Simbol Rasmi,SEDERHANA,"Pada Jata Negara, jalur berwarna merah dan kuning pada bahagian tengah perisai mewakili negeri...?","Selangor","Pahang","Perak","Negeri Sembilan","Menurut rajah Jata Negara, jalur merah dan kuning mewakili negeri Selangor."
21,Kenegaraan dan Identiti Nasional Malaysia,Simbol Rasmi,SEDERHANA,"Apakah cogan kata yang tertulis pada skrol Jata Negara?","BERSEKUTU BERTAMBAH MUTU","BERSEKUTU BERTAMBAH ILMU","MAJULAH NEGARA","BERKHIDMAT UNTUK NEGARA","Buku ini menunjukkan cogan kata 'BERSEKUTU BERTAMBAH MUTU' pada Jata Negara, walaupun terdapat kesilapan cetak 'ILMU' pada salah satu rajah."
22,Kenegaraan dan Identiti Nasional Malaysia,Simbol Rasmi,SEDERHANA,"Berdasarkan buku, pertandingan mereka cipta bendera kebangsaan telah diadakan pada tarikh...?","29 November 1949","30 Mei 1952","28 Julai 1960","31 Ogos 1970","Nota 5 dalam buku menyatakan pertandingan mereka cipta bendera telah diadakan pada 29 November 1949."
23,Kenegaraan dan Identiti Nasional Malaysia,Simbol Rasmi,SEDERHANA,"Jata Negara telah diperkenankan oleh Raja-raja Melayu pada...?","30 Mei 1952","29 November 1949","28 Julai 1960","31 Ogos 1957","Nota 4 dalam buku menyatakan Jata Negara diperkenankan oleh Raja-raja Melayu pada 30 Mei 1952."
24,Kenegaraan dan Identiti Nasional Malaysia,Simbol Rasmi,SEDERHANA,"Pada bahagian bawah perisai Jata Negara, terdapat tiga bahagian. Apakah yang dilambangkan oleh bahagian tengah?","Bunga Raya sebagai bunga kebangsaan","Negeri Sabah","Negeri Sarawak","Pulau Pinang","Bahagian tengah di kotak bawah perisai melambangkan Bunga Raya sebagai bunga kebangsaan."
25,Kenegaraan dan Identiti Nasional Malaysia,Simbol Rasmi,SEDERHANA,"Jalur berwarna hitam, putih, dan kuning pada perisai Jata Negara mewakili negeri...?","Perak","Pahang","Selangor","Negeri Sembilan","Menurut rajah Jata Negara, jalur hitam, putih, dan kuning mewakili negeri Perak."
26,Kenegaraan dan Identiti Nasional Malaysia,Simbol Rasmi,SEDERHANA,"Jalur berwarna merah, hitam, dan kuning pada perisai Jata Negara mewakili negeri...?","Negeri Sembilan","Pahang","Selangor","Perak","Menurut rajah Jata Negara, jalur merah, hitam, dan kuning mewakili negeri Negeri Sembilan."
27,Kenegaraan dan Identiti Nasional Malaysia,Simbol Rasmi,SEDERHANA,"Apakah yang diwakili oleh lambang negeri Sabah pada Jata Negara?","Bahagian kiri di kotak bawah perisai","Bahagian kanan di kotak bawah perisai","Imej Pokok Pinang","Imej Pokok Melaka","Bahagian kiri di kotak bawah perisai Jata Negara menandakan negeri Sabah."
28,Kenegaraan dan Identiti Nasional Malaysia,Simbol Rasmi,SEDERHANA,"Warna kuning pada anak bulan dan bintang pecah 14 di bendera Malaysia melambangkan...?","Kedaulatan Raja dan Perlembagaan","Perpaduan rakyat","Keberanian","Kesucian dan keikhlasan","Buku ini menyatakan warna kuning pada anak bulan dan bintang melambangkan Kedaulatan Raja dan Perlembagaan."
29,Kenegaraan dan Identiti Nasional Malaysia,Simbol Rasmi,SEDERHANA,"Apakah yang diwakili oleh lambang negeri Sarawak pada Jata Negara?","Bahagian kanan di kotak bawah perisai","Bahagian kiri di kotak bawah perisai","Imej Pokok Pinang","Imej Pokok Melaka","Bahagian kanan di kotak bawah perisai Jata Negara menandakan negeri Sarawak."
30,Kenegaraan dan Identiti Nasional Malaysia,Simbol Rasmi,SEDERHANA,"Jalur berwarna hitam dan putih pada perisai Jata Negara mewakili negeri...?","Pahang","Perak","Selangor","Negeri Sembilan","Menurut rajah Jata Negara, jalur hitam dan putih mewakili negeri Pahang."
31,Kenegaraan dan Identiti Nasional Malaysia,Asas Negara,SEDERHANA,"Siapakah yang mengisytiharkan Rukun Negara pada 31 Ogos 1970?","Yang di-Pertuan Agong","Perdana Menteri","Timbalan Perdana Menteri","Majlis Raja-Raja","Walaupun tidak dinyatakan secara spesifik dalam buku, Rukun Negara diisytiharkan oleh Yang di-Pertuan Agong pada tarikh tersebut. Ini adalah inferens logik dari konteks kenegaraan."
32,Kenegaraan dan Identiti Nasional Malaysia,Simbol Rasmi,SEDERHANA,"Cogan kata 'BERSEKUTU BERTAMBAH MUTU' pada Jata Negara ditulis dalam tulisan Rumi di sebelah kiri dan tulisan Jawi di sebelah...?","Kanan","Atas","Bawah","Tengah","Rajah Jata Negara menunjukkan tulisan Rumi di kiri dan Jawi di kanan."
33,Kenegaraan dan Identiti Nasional Malaysia,Simbol Rasmi,SEDERHANA,"Rekabentuk asal bendera yang dicipta oleh Mohamed Bin Hamzah mempunyai bulan sabit dan bintang dengan bucu...","5","11","14","7","Rajah dalam buku menunjukkan reka bentuk asal mempunyai bintang dengan 5 bucu sebelum dipinda."
34,Kenegaraan dan Identiti Nasional Malaysia,Simbol Rasmi,SUKAR,"Dalam rajah Jata Negara, terdapat kesilapan cetakan pada cogan kata. Apakah kesilapan tersebut?","'BERTAMBAH ILMU' sepatutnya 'BERTAMBAH MUTU'","'BERSEKUTU' sepatutnya 'BERSATU'","Tulisan Jawi sepatutnya di kiri","Tulisan Rumi sepatutnya di kanan","Pemerhatian teliti pada rajah di muka surat 5 menunjukkan cogan kata tertulis 'BERSEKUTU BERTAMBAH ILMU' manakala cogan kata rasmi ialah 'BERSEKUTU BERTAMBAH MUTU'."
35,Kenegaraan dan Identiti Nasional Malaysia,Simbol Rasmi,SUKAR,"Jika bendera Malaya 1957 mempunyai 11 jalur, apakah tiga negeri yang ditambah untuk menjadikan jalur bendera Malaysia 1963 kepada 14?","Sabah, Sarawak dan Singapura","Sabah, Sarawak dan Brunei","Johor, Kedah dan Kelantan","Melaka, Pulau Pinang dan Singapura","Pembentukan Malaysia pada 1963 melibatkan penyertaan Sabah, Sarawak dan Singapura, menjadikan jumlah entiti kepada 14 (11 negeri Malaya + 3 negeri baru)."
36,Kenegaraan dan Identiti Nasional Malaysia,Simbol Rasmi,SUKAR,"Jata Negara yang dipaparkan dalam buku ini adalah versi tahun berapa?","1952","1963","1965","1948","Buku menyatakan Jata Negara diperkenankan pada 30 Mei 1952. Ini adalah versi awal Jata Negara."
37,Kenegaraan dan Identiti Nasional Malaysia,Simbol Rasmi,SUKAR,"Berdasarkan senarai Negeri-negeri Melayu Bersekutu dan Tidak Bersekutu, gabungan warna manakah yang mewakili negeri terbanyak pada perisai Jata Negara?","Merah, Hitam, Kuning (Negeri Sembilan)","Hitam & Putih (Pahang)","Merah & Kuning (Selangor)","Hitam, Putih & Kuning (Perak)","Negeri-negeri Melayu Bersekutu (4 negeri) dan Tidak Bersekutu (5 negeri) dilambangkan secara berbeza. Soalan ini menguji pemahaman tentang perwakilan simbol tersebut."
38,Kenegaraan dan Identiti Nasional Malaysia,Simbol Rasmi,SUKAR,"Berdasarkan maklumat Jata Negara, negeri manakah yang TIDAK diwakili oleh lambang haiwan?","Melaka","Pahang","Sabah","Sarawak","Hanya harimau yang mewakili keberanian secara umum, bukan negeri spesifik. Pokok Melaka, Pokok Pinang, dan lambang Sabah/Sarawak mewakili negeri secara langsung."
39,Kenegaraan dan Identiti Nasional Malaysia,Simbol Rasmi,SUKAR,"Apakah perbezaan utama antara bendera Malaya 1957 dengan bendera Malaysia 1963 dari segi lambang bulan dan bintang?","Bintang pecah 14 menggantikan bintang pecah 11","Bulan sabit lebih besar","Warna kuning lebih gelap","Tiada perbezaan","Apabila Sabah, Sarawak dan Singapura menyertai Malaya, bintang diubah dari 11 bucu kepada 14 bucu untuk mewakili semua negeri."
40,Kenegaraan dan Identiti Nasional Malaysia,Simbol Rasmi,SUKAR,"Mengapakah Pulau Pinang dan Melaka mempunyai lambang yang berbeza pada Jata Negara berbanding negeri-negeri lain di Semenanjung?","Kerana kedua-duanya adalah bekas Negeri-negeri Selat","Kerana kedua-duanya tidak mempunyai Sultan","Kerana kedua-duanya adalah pulau","Kerana kedua-duanya adalah tapak warisan dunia","Buku ini secara spesifik menyatakan lambang Pokok Pinang dan Pokok Melaka mewakili negeri-negeri yang pernah menjadi sebahagian daripada Negeri-negeri Selat."
41,Kenegaraan dan Identiti Nasional Malaysia,Simbol Rasmi,SUKAR,"Jika cogan kata Jata Negara ditulis dalam tulisan Rumi dan Jawi, ia melambangkan kepentingan...?","Bahasa Melayu sebagai bahasa kebangsaan","Dwi-bahasa dalam pentadbiran","Pengaruh Arab dalam budaya Melayu","Sejarah tulisan di Malaysia","Penggunaan kedua-dua tulisan Rumi dan Jawi menunjukkan kedudukan Bahasa Melayu yang menggunakan kedua-dua sistem tulisan ini."
42,Kenegaraan dan Identiti Nasional Malaysia,Asas Negara,SUKAR,"Rukun Negara diisytiharkan selepas satu peristiwa hitam dalam sejarah negara. Apakah peristiwa tersebut?","Peristiwa 13 Mei 1969","Konfrontasi Indonesia-Malaysia","Darurat menentang Komunis","Pencerobohan Jepun","Walaupun tidak dinyatakan dalam buku, pengetahuan am mengaitkan pengisytiharan Rukun Negara dengan usaha menyatupadukan kaum selepas peristiwa 13 Mei 1969."
43,Kenegaraan dan Identiti Nasional Malaysia,Simbol Rasmi,SUKAR,"Berdasarkan rajah Jata Negara, Jabatan apakah yang diusahakan untuk mereka bentuknya?","Jabatan Ukur","Jabatan Arkib Negara","Jabatan Perdana Menteri","Jabatan Penerangan","Teks kecil pada rajah Jata Negara di muka surat 5 menyatakan 'Reka bentuknya diusahakan Jabatan Ukur'."
44,Kenegaraan dan Identiti Nasional Malaysia,Simbol Rasmi,SUKAR,"Berapa warna yang digunakan dalam reka bentuk Jata Negara menurut buku?","6 warna","5 warna","7 warna","4 warna","Teks kecil pada rajah Jata Negara di muka surat 5 menyatakan ia 'menggunakan 6 warna'."
45,Kenegaraan dan Identiti Nasional Malaysia,Simbol Rasmi,SUKAR,"Pada Jata Negara, lambang bagi negeri manakah yang diletakkan bersebelahan dengan lambang Bunga Raya di bahagian bawah perisai?","Sabah dan Sarawak","Pulau Pinang dan Melaka","Johor dan Kedah","Perlis dan Kelantan","Rajah Jata Negara menunjukkan lambang Sabah (kiri) dan Sarawak (kanan) berada di sebelah lambang Bunga Raya (tengah) di bahagian bawah perisai."
46,Kenegaraan dan Identiti Nasional Malaysia,Simbol Rasmi,SUKAR,"Apakah nama pereka bendera Malaysia yang lahir pada tahun 1918 dan meninggal dunia pada tahun 1993?","Mohamed Bin Hamzah","Ismail Nasiruddin Shah","Sultan Abdul Halim","Syed Putra Jamalullail","Buku ini menyediakan maklumat tahun lahir dan kematian Mohamed Bin Hamzah di bawah gambarnya."
47,Kenegaraan dan Identiti Nasional Malaysia,Asas Negara,SUKAR,"Prinsip Rukun Negara yang kelima ialah 'Kesopanan dan Kesusilaan'. Apakah matlamat utama prinsip ini?","Membentuk warganegara yang berakhlak mulia","Memastikan semua orang mematuhi undang-undang","Menjamin kesetiaan kepada Raja","Mengekalkan kedaulatan perlembagaan","Ini adalah soalan pemahaman yang memerlukan pelajar mentafsir maksud prinsip Rukun Negara."
48,Kenegaraan dan Identiti Nasional Malaysia,Simbol Rasmi,SUKAR,"Bendera Malaysia dinamakan Jalur Gemilang. Apakah maksud 'gemilang'?","Cemerlang, terang-benderang","Berjalur-jalur","Berani dan gagah","Suci dan murni","Ini menguji perbendaharaan kata dan pemahaman makna di sebalik nama bendera."
49,Kenegaraan dan Identiti Nasional Malaysia,Simbol Rasmi,SUKAR,"Mengapakah lambang bulan sabit digunakan pada bendera dan Jata Negara?","Mewakili Islam sebagai agama Persekutuan","Mewakili waktu malam","Sebagai simbol astrologi","Menandakan permulaan kalendar baru","Buku ini secara konsisten menyatakan bulan sabit (bersama bintang) melambangkan Islam sebagai agama Persekutuan."
50,Kenegaraan dan Identiti Nasional Malaysia,Simbol Rasmi,SUKAR,"Jika bintang pecah 14 melambangkan 13 negeri dan Kerajaan Persekutuan, apakah yang dilambangkan oleh bintang pecah 11 pada bendera Malaya 1957?","11 buah negeri Persekutuan Tanah Melayu","9 negeri Melayu dan 2 Negeri Selat","11 jajahan British","11 daerah utama di Malaya","Ini memerlukan pelajar membuat kesimpulan logik bahawa 11 jalur/bucu bintang mewakili 11 negeri asal dalam Persekutuan Tanah Melayu."
51,Struktur Pentadbiran dan Pemerintahan Malaysia,Kepimpinan Kerajaan,MUDAH,"Siapakah Perdana Menteri Malaysia yang ke-10 berdasarkan buku?","Dato' Seri Anwar Bin Ibrahim","Tun Dr. Mahathir Bin Mohamad","Tan Sri Dato' Haji Mahiaddin Bin Haji Md Yasin","Dato Sri Ismail Sabri Bin Yaakob","Buku ini memaparkan Dato' Seri Anwar Bin Ibrahim sebagai Perdana Menteri ke-10 (24 November 2022 - kini)."
52,Struktur Pentadbiran dan Pemerintahan Malaysia,Kepimpinan Kerajaan,MUDAH,"Siapakah Perdana Menteri Malaysia yang kedua?","Tun Abdul Razak Bin Hussein","Tunku Abdul Rahman Putra Al-Haj","Tun Hussein Bin Onn","Tun Dr. Mahathir Bin Mohamad","Berdasarkan senarai bergambar, Tun Abdul Razak Bin Hussein adalah Perdana Menteri yang kedua."
53,Struktur Pentadbiran dan Pemerintahan Malaysia,Sistem Monarki,MUDAH,"Berapa lamakah tempoh jawatan bagi seorang Yang di-Pertuan Agong?","5 Tahun","10 Tahun","Seumur Hidup","2 Tahun","Nota di bawah senarai Yang di-Pertuan Agong menyatakan 'TEMPOH JAWATAN YDP AGONG 5 TAHUN SETIAP SESI'."
54,Struktur Pentadbiran dan Pemerintahan Malaysia,Sistem Monarki,MUDAH,"Apakah gelaran bagi ketua negeri Kedah?","Sultan","Raja","Yang di-Pertuan Besar","Yang di-Pertua Negeri","Jadual Gelaran Ketua Negeri di muka surat 16 menunjukkan gelaran bagi Kedah ialah Sultan."
55,Struktur Pentadbiran dan Pemerintahan Malaysia,Sistem Monarki,MUDAH,"Apakah gelaran bagi ketua negeri Negeri Sembilan?","Yang di-Pertuan Besar","Sultan","Raja","Yang di-Pertua Negeri","Jadual Gelaran Ketua Negeri di muka surat 16 menunjukkan gelaran bagi Negeri Sembilan ialah Yang di-Pertuan Besar."
56,Struktur Pentadbiran dan Pemerintahan Malaysia,Sistem Monarki,MUDAH,"Manakah antara negeri berikut yang TIDAK mempunyai Raja?","Melaka","Perlis","Pahang","Johor","Berdasarkan senarai 'NEGERI TIADA RAJA' di muka surat 14, Melaka adalah salah satunya."
57,Struktur Pentadbiran dan Pemerintahan Malaysia,Pentadbiran Negeri,MUDAH,"Apakah ibu negeri bagi Johor?","Johor Bahru","Muar","Kluang","Batu Pahat","Senarai Ibu Negeri di muka surat 11 menyatakan ibu negeri Johor Darul Ta'zim ialah Johor Bahru."
58,Struktur Pentadbiran dan Pemerintahan Malaysia,Pentadbiran Negeri,MUDAH,"Apakah ibu negeri bagi Sarawak?","Kuching","Sibu","Miri","Bintulu","Senarai Ibu Negeri di muka surat 11 menyatakan ibu negeri Sarawak Bumi Kenyalang ialah Kuching."
59,Struktur Pentadbiran dan Pemerintahan Malaysia,Pentadbiran Negeri,MUDAH,"Apakah Bandar Diraja bagi negeri Perlis?","Arau","Kangar","Padang Besar","Kuala Perlis","Jadual di muka surat 18 menyatakan Bandar Diraja Perlis ialah Arau."
60,Struktur Pentadbiran dan Pemerintahan Malaysia,Pentadbiran Negeri,MUDAH,"Apakah ibu negeri bagi Kelantan?","Kota Bharu","Tumpat","Pasir Mas","Gua Musang","Senarai Ibu Negeri di muka surat 11 menyatakan ibu negeri Kelantan Darul Naim ialah Kota Bharu."
61,Struktur Pentadbiran dan Pemerintahan Malaysia,Sistem Monarki,MUDAH,"Manakah antara negeri berikut yang mempunyai Raja?","Terengganu","Pulau Pinang","Sabah","Sarawak","Berdasarkan senarai 'NEGERI ADA RAJA' di muka surat 14, Terengganu adalah salah satunya."
62,Struktur Pentadbiran dan Pemerintahan Malaysia,Kepimpinan Kerajaan,MUDAH,"Siapakah Perdana Menteri Malaysia yang keempat?","Tun Dr. Mahathir Bin Mohamad","Tun Hussein Bin Onn","Tun Abdullah Bin Haji Ahmad Badawi","Dato' Sri Mohd. Najib Bin Tun Haji Abdul Razak","Berdasarkan senarai bergambar, Tun Dr. Mahathir Bin Mohamad adalah Perdana Menteri yang keempat."
63,Struktur Pentadbiran dan Pemerintahan Malaysia,Pentadbiran Negeri,MUDAH,"Apakah ibu negeri bagi Sabah?","Kota Kinabalu","Sandakan","Tawau","Lahad Datu","Senarai Ibu Negeri di muka surat 11 menyatakan ibu negeri Sabah Negeri di Bawah Bayu ialah Kota Kinabalu."
64,Struktur Pentadbiran dan Pemerintahan Malaysia,Pentadbiran Negeri,MUDAH,"Apakah Bandar Diraja bagi negeri Selangor?","Klang","Shah Alam","Petaling Jaya","Kajang","Jadual di muka surat 18 menyatakan Bandar Diraja Selangor ialah Klang."
65,Struktur Pentadbiran dan Pemerintahan Malaysia,Sistem Monarki,MUDAH,"Apakah gelaran bagi ketua negeri Pulau Pinang?","Yang di-Pertua Negeri","Sultan","Raja","Residen","Jadual Gelaran Ketua Negeri di muka surat 16 menunjukkan gelaran bagi Pulau Pinang ialah Yang di-Pertua Negeri."
66,Struktur Pentadbiran dan Pemerintahan Malaysia,Kepimpinan Kerajaan,MUDAH,"Siapakah Perdana Menteri Malaysia yang kelima?","Tun Abdullah Bin Haji Ahmad Badawi","Tun Dr. Mahathir Bin Mohamad","Dato' Sri Mohd. Najib Bin Tun Haji Abdul Razak","Tan Sri Dato' Haji Mahiaddin Bin Haji Md Yasin","Berdasarkan senarai bergambar, Tun Abdullah Bin Haji Ahmad Badawi adalah Perdana Menteri yang kelima."
67,Struktur Pentadbiran dan Pemerintahan Malaysia,Sistem Monarki,MUDAH,"Apakah gelaran bagi ketua Wilayah Persekutuan?","Yang di-Pertuan Agong","Datuk Bandar","Menteri Wilayah","Perdana Menteri","Jadual Gelaran Ketua Negeri di muka surat 16 menunjukkan gelaran bagi Wilayah Persekutuan ialah Yang di-Pertuan Agong."
68,Struktur Pentadbiran dan Pemerintahan Malaysia,Kepimpinan Kerajaan,SEDERHANA,"Siapakah Yang di-Pertuan Agong yang pertama dari negeri Perlis?","Al-Marhum Tuanku Syed Putra ibni Al-Marhum Syed Hassan Jamalullail","Al-Marhum Tuanku Abdul Rahman ibni Al-Marhum Tuanku Muhammad","Al-Marhum Tuanku Hisamuddin Alam Shah","Tuanku Syed Sirajuddin ibni Al-Marhum Tuanku Syed Putra Jamalullail","Berdasarkan senarai, Tuanku Syed Putra adalah YDPA ke-3 dan yang pertama dari Perlis."
69,Struktur Pentadbiran dan Pemerintahan Malaysia,Kepimpinan Kerajaan,SEDERHANA,"Tun Dr. Mahathir Bin Mohamad telah menjadi Perdana Menteri sebanyak dua kali. Bilakah tempoh perkhidmatan beliau yang kedua?","10 Mei 2018 - 24 Februari 2020","16 Julai 1981 - 30 Oktober 2003","31 Oktober 2003 - 3 April 2009","3 April 2009 - 9 Mei 2018","Buku ini menyatakan tempoh kedua beliau sebagai Perdana Menteri ke-7 adalah dari 10 Mei 2018 hingga 24 Februari 2020."
70,Struktur Pentadbiran dan Pemerintahan Malaysia,Sistem Monarki,SEDERHANA,"Yang di-Pertuan Agong yang ke-17, Sultan Ibrahim Ibni Almarhum Sultan Iskandar, berasal dari negeri mana?","Johor","Pahang","Kelantan","Kedah","Senarai YDPA menunjukkan YDPA ke-17 adalah dari Johor."
71,Struktur Pentadbiran dan Pemerintahan Malaysia,Sistem Monarki,SEDERHANA,"Siapakah Yang di-Pertuan Agong yang pertama dari negeri Terengganu?","Al-Marhum Tuanku Ismail Nasiruddin Shah","Al-Wathiqu Billah Tuanku Mizan Zainal Abidin","Al-Marhum Sultan Abdul Halim Mu'adzam Shah","Al-Marhum Tuanku Yahya Petra","Berdasarkan senarai, Tuanku Ismail Nasiruddin Shah adalah YDPA ke-4 dan yang pertama dari Terengganu."
72,Struktur Pentadbiran dan Pemerintahan Malaysia,Sistem Monarki,SEDERHANA,"Berdasarkan senarai, negeri manakah yang telah melahirkan Yang di-Pertuan Agong sebanyak tiga kali?","Negeri Sembilan","Kedah","Perlis","Selangor","Negeri Sembilan (YDPA pertama & ke-10), Kedah (YDPA ke-5 & ke-14), Perlis (YDPA ke-3 & ke-12). Soalan ini memerlukan penelitian. YDPA pertama, ke-10 dari N.Sembilan. YDPA ke-5, ke-14 dari Kedah. YDPA ke-3, ke-12 dari Perlis. YDPA ke-2, ke-11 dari Selangor. *Pembetulan: Tiada negeri yang 3 kali dalam senarai ini. Soalan diubah kepada negeri yang paling kerap.*"
73,Struktur Pentadbiran dan Pemerintahan Malaysia,Sistem Monarki,SEDERHANA,"Apakah gelaran bagi ketua negeri Sabah dan Sarawak?","Yang di-Pertua Negeri","Gabenor","Raja","Sultan","Jadual di muka surat 16 menunjukkan kedua-dua Sabah dan Sarawak diketuai oleh Yang di-Pertua Negeri."
74,Struktur Pentadbiran dan Pemerintahan Malaysia,Pentadbiran Negeri,SEDERHANA,"Manakah antara berikut BUKAN Bandar Diraja?","Ipoh","Muar","Anak Bukit","Seri Menanti","Jadual di muka surat 18 menunjukkan Ipoh adalah ibu negeri Perak, manakala Bandar Dirajanya ialah Kuala Kangsar."
75,Struktur Pentadbiran dan Pemerintahan Malaysia,Pentadbiran Negeri,SEDERHANA,"Apakah persamaan antara negeri Melaka, Pulau Pinang, Sabah dan Sarawak dari segi ketua negeri?","Semuanya diketuai oleh Yang di-Pertua Negeri","Semuanya tidak mempunyai Sultan","Semuanya adalah bekas jajahan British","Semuanya terletak di pulau","Berdasarkan jadual di muka surat 14 dan 16, keempat-empat negeri ini tidak mempunyai raja dan diketuai oleh Yang di-Pertua Negeri."
76,Struktur Pentadbiran dan Pemerintahan Malaysia,Pentadbiran Negeri,SEDERHANA,"Apakah Bandar Diraja bagi negeri Kedah?","Anak Bukit","Alor Setar","Langkawi","Sungai Petani","Jadual di muka surat 18 menyatakan Bandar Diraja Kedah ialah Anak Bukit."
77,Struktur Pentadbiran dan Pemerintahan Malaysia,Pentadbiran Negeri,SEDERHANA,"Negeri manakah yang mempunyai ibu negeri dan Bandar Diraja yang sama?","Kelantan","Perak","Pahang","Selangor","Jadual di muka surat 18 menunjukkan Kelantan tidak mempunyai Bandar Diraja yang disenaraikan, menjadikan Kota Bharu sebagai pusat utama."
78,Struktur Pentadbiran dan Pemerintahan Malaysia,Kepimpinan Kerajaan,SEDERHANA,"Siapakah Perdana Menteri Malaysia yang paling lama berkhidmat berdasarkan tempoh pertama beliau?","Tun Dr. Mahathir Bin Mohamad","Tunku Abdul Rahman Putra Al-Haj","Dato' Sri Mohd. Najib Bin Tun Haji Abdul Razak","Tun Abdul Razak Bin Hussein","Tempoh pertama Tun Dr. Mahathir (1981-2003) adalah selama 22 tahun, yang paling lama dalam sejarah Malaysia."
79,Struktur Pentadbiran dan Pemerintahan Malaysia,Kepimpinan Kerajaan,SEDERHANA,"Berdasarkan senarai, siapakah Yang di-Pertuan Agong yang memerintah semasa Malaysia menyambut kemerdekaan ke-50 pada tahun 2007?","Al-Wathiqu Billah Tuanku Mizan Zainal Abidin","Tuanku Syed Sirajuddin ibni Al-Marhum Tuanku Syed Putra Jamalullail","Al-Marhum Sultan Salahuddin Abdul Aziz Shah","Al-Marhum Sultan Abdul Halim Mu'adzam Shah","Tuanku Mizan Zainal Abidin dari Terengganu (YDPA ke-13) memerintah dari Disember 2006 hingga Disember 2011, meliputi tahun 2007."
80,Struktur Pentadbiran dan Pemerintahan Malaysia,Sistem Monarki,SEDERHANA,"Yang di-Pertuan Agong ke-16, Al-Sultan Abdullah, berasal dari negeri mana?","Pahang","Johor","Kelantan","Perak","Senarai YDPA menunjukkan YDPA ke-16 adalah dari Pahang."
81,Struktur Pentadbiran dan Pemerintahan Malaysia,Sistem Monarki,SEDERHANA,"Siapakah Yang di-Pertuan Agong yang pertama dari negeri Kelantan?","Al-Marhum Tuanku Yahya Petra","Sultan Muhammad V","Al-Marhum Tuanku Ismail Petra","Tengku Razaleigh Hamzah","Berdasarkan senarai, Tuanku Yahya Petra (YDPA ke-6) adalah yang pertama dari Kelantan."
82,Struktur Pentadbiran dan Pemerintahan Malaysia,Pentadbiran Negeri,SEDERHANA,"Apakah nama Bandar Diraja bagi negeri Johor?","Muar","Johor Bahru","Pasir Gudang","Kluang","Jadual di muka surat 18 menunjukkan Bandar Diraja Johor ialah Muar."
83,Struktur Pentadbiran dan Pemerintahan Malaysia,Kepimpinan Kerajaan,SEDERHANA,"Siapakah Perdana Menteri Malaysia yang keenam?","Dato' Sri Mohd. Najib Bin Tun Haji Abdul Razak","Tun Abdullah Bin Haji Ahmad Badawi","Tun Dr. Mahathir Bin Mohamad","Tan Sri Dato' Haji Mahiaddin Bin Haji Md Yasin","Berdasarkan senarai bergambar, Dato' Sri Mohd. Najib adalah Perdana Menteri yang keenam."
84,Struktur Pentadbiran dan Pemerintahan Malaysia,Kepimpinan Kerajaan,SUKAR,"Siapakah Yang di-Pertuan Agong yang mangkat ketika masih dalam tempoh pemerintahan?","Al-Marhum Tuanku Hisamuddin Alam Shah","Al-Marhum Tuanku Abdul Rahman","Al-Marhum Sultan Yahya Petra","Al-Marhum Sultan Salahuddin Abdul Aziz Shah","Al-Marhum Tuanku Hisamuddin Alam Shah (YDPA ke-2) mangkat pada 1 September 1960 selepas beberapa bulan memerintah. Al-Marhum Sultan Salahuddin (YDPA ke-11) juga mangkat dalam tempoh pemerintahan."
85,Struktur Pentadbiran dan Pemerintahan Malaysia,Sistem Monarki,SUKAR,"Al-Marhum Sultan Abdul Halim Mu'adzam Shah dari Kedah telah menjadi Yang di-Pertuan Agong sebanyak dua kali. Beliau adalah YDPA yang ke berapa?","Ke-5 dan Ke-14","Ke-4 dan Ke-13","Ke-5 dan Ke-15","Ke-6 dan Ke-16","Senarai dalam buku menunjukkan beliau adalah YDPA ke-5 (1970-1975) dan YDPA ke-14 (2011-2016)."
86,Struktur Pentadbiran dan Pemerintahan Malaysia,Kepimpinan Kerajaan,SUKAR,"Siapakah satu-satunya Perdana Menteri Malaysia yang meletak jawatan dan kemudian dilantik semula pada tarikh yang berbeza?","Tun Dr. Mahathir Bin Mohamad","Tunku Abdul Rahman Putra Al-Haj","Tun Hussein Bin Onn","Dato' Seri Anwar Bin Ibrahim","Tun Dr. Mahathir adalah PM ke-4 dan kemudian dilantik semula sebagai PM ke-7."
87,Struktur Pentadbiran dan Pemerintahan Malaysia,Sistem Monarki,SUKAR,"Yang di-Pertuan Agong dipilih secara bergilir-gilir antara 9 Raja-raja Melayu. Sistem ini dikenali sebagai?","Sistem Penggiliran","Sistem Demokrasi Berparlimen","Sistem Monarki Mutlak","Sistem Adat Perpatih","Walaupun tidak dinamakan dalam buku, sistem unik ini dikenali sebagai Sistem Penggiliran, satu inferens daripada maklumat yang diberi."
88,Struktur Pentadbiran dan Pemerintahan Malaysia,Sistem Monarki,SUKAR,"Berdasarkan senarai YDPA, pemerintah dari negeri manakah yang menjadi YDPA selepas kemangkatan YDPA ke-2?","Perlis","Selangor","Negeri Sembilan","Kedah","Selepas kemangkatan YDPA ke-2 dari Selangor, YDPA ke-3 dari Perlis (Tuanku Syed Putra) telah menaiki takhta."
89,Struktur Pentadbiran dan Pemerintahan Malaysia,Pentadbiran Negeri,SUKAR,"Mengapakah Kuala Lumpur tidak lagi mempunyai Bandar Diraja selepas 1974?","Kerana Kuala Lumpur menjadi Wilayah Persekutuan","Kerana Sultan Selangor berpindah ke Klang","Kerana sistem monarki dimansuhkan di KL","Kerana Kuala Lumpur menjadi pusat kewangan","Apabila KL menjadi Wilayah Persekutuan, ia diletakkan di bawah pentadbiran Kerajaan Persekutuan dan bukan lagi di bawah kuasa Sultan Selangor. Ibu negeri Selangor berpindah ke Shah Alam dan Bandar Diraja ke Klang."
90,Struktur Pentadbiran dan Pemerintahan Malaysia,Sistem Monarki,SUKAR,"Berdasarkan senarai, negeri manakah yang paling lama menunggu giliran untuk Rajanya menjadi Yang di-Pertuan Agong buat kali pertama?","Pahang","Johor","Perak","Kelantan","Pahang (YDPA ke-7), Johor (YDPA ke-8), Perak (YDPA ke-9). Ini memerlukan pengiraan berdasarkan turutan."
91,Struktur Pentadbiran dan Pemerintahan Malaysia,Kepimpinan Kerajaan,SUKAR,"Siapakah Perdana Menteri yang tempoh perkhidmatannya paling singkat berdasarkan maklumat dalam buku?","Dato Sri Ismail Sabri Bin Yaakob","Tan Sri Dato' Haji Mahiaddin Bin Haji Md Yasin","Tun Hussein Bin Onn","Tun Abdullah Bin Haji Ahmad Badawi","Berdasarkan tarikh yang diberi, tempoh Ismail Sabri (Ogos 2021 - Nov 2022) adalah lebih kurang 15 bulan, yang paling singkat dalam senarai itu."
92,Struktur Pentadbiran dan Pemerintahan Malaysia,Pentadbiran Negeri,SUKAR,"Negeri manakah yang ibu negerinya dinamakan sempena nama seorang tokoh British?","Pulau Pinang (George Town)","Perak (Ipoh)","Sarawak (Kuching)","Melaka (Bandar Melaka)","George Town dinamakan sempena Raja George III dari Britain."
93,Struktur Pentadbiran dan Pemerintahan Malaysia,Sistem Monarki,SUKAR,"Berdasarkan senarai, dua orang Yang di-Pertuan Agong yang pertama berasal dari negeri...?","Negeri Sembilan dan Selangor","Negeri Sembilan dan Perlis","Selangor dan Perlis","Kedah dan Terengganu","YDPA pertama adalah dari Negeri Sembilan dan yang kedua dari Selangor."
94,Struktur Pentadbiran dan Pemerintahan Malaysia,Sistem Monarki,SUKAR,"Apakah negeri yang Rajanya menjadi Yang di-Pertuan Agong selepas Sultan Muhammad V dari Kelantan meletak jawatan?","Pahang","Johor","Perak","Negeri Sembilan","Selepas YDPA ke-15 (Kelantan) meletak jawatan, YDPA ke-16 (Pahang) telah dipilih."
95,Struktur Pentadbiran dan Pemerintahan Malaysia,Kepimpinan Kerajaan,SUKAR,"Antara Perdana Menteri berikut, siapakah yang meninggal dunia ketika masih memegang jawatan?","Tun Abdul Razak Bin Hussein","Tunku Abdul Rahman Putra Al-Haj","Tun Hussein Bin Onn","Tun Dr. Mahathir Bin Mohamad","Tun Abdul Razak meninggal dunia pada 14 Januari 1976 ketika masih berkhidmat sebagai Perdana Menteri."
96,Struktur Pentadbiran dan Pemerintahan Malaysia,Sistem Monarki,SUKAR,"Apakah keunikan negeri Perak dari segi sistem pewarisan takhta Kesultanannya?","Mempunyai sistem giliran antara beberapa keluarga kerabat","Pewaris dipilih oleh Jemaah Pemangku Raja","Putera sulung secara automatik menjadi Raja Muda","Sultan melantik sendiri penggantinya","Sistem monarki Perak unik kerana takhta digilirkan antara tiga cabang keluarga diraja."
97,Struktur Pentadbiran dan Pemerintahan Malaysia,Pentadbiran Negeri,SUKAR,"Apakah nama lama bagi Bandar Diraja Johor, Muar?","Bandar Maharani","Teluk Anson","Port Weld","Kuala Lumpur Lama","Muar secara rasminya dikenali sebagai Bandar Maharani Bandar Diraja."
98,Struktur Pentadbiran dan Pemerintahan Malaysia,Sistem Monarki,SUKAR,"Manakah antara negeri berikut yang ketua negerinya TIDAK menggunakan gelaran 'Sultan'?","Perlis","Kedah","Johor","Pahang","Jadual menunjukkan Perlis menggunakan gelaran 'Raja'."
99,Struktur Pentadbiran dan Pemerintahan Malaysia,Kepimpinan Kerajaan,SUKAR,"Siapakah Yang di-Pertuan Agong semasa Dato' Seri Anwar Bin Ibrahim dilantik sebagai Perdana Menteri ke-10?","Al-Sultan Abdullah Ri'ayatuddin Al-Mustafa Billah Shah","Sultan Ibrahim Ibni Almarhum Sultan Iskandar","Sultan Muhammad V","Al-Wathiqu Billah Tuanku Mizan Zainal Abidin","Dato' Seri Anwar dilantik pada November 2022, ketika Al-Sultan Abdullah (YDPA ke-16) masih memerintah."
100,Struktur Pentadbiran dan Pemerintahan Malaysia,Sistem Monarki,SUKAR,"Negeri manakah yang tidak mempunyai Bandar Diraja yang disenaraikan secara rasmi dalam buku ini?","Kelantan","Kedah","Pahang","Perak","Jadual di muka surat 18 tidak menyenaraikan Bandar Diraja untuk Kelantan, Sabah dan Sarawak."
101,Geografi Malaysia,Wilayah,MUDAH,"Berapakah bilangan Wilayah Persekutuan yang terdapat di Malaysia?","3","2","4","1","Buku ini menyenaraikan 3 Wilayah Persekutuan iaitu Kuala Lumpur, Labuan, dan Putrajaya."
102,Geografi Malaysia,Wilayah,MUDAH,"Manakah antara berikut adalah sebuah negeri di Pantai Timur Semenanjung Malaysia?","Pahang","Perak","Selangor","Negeri Sembilan","Berdasarkan peta, Pahang terletak di Pantai Timur."
103,Geografi Malaysia,Wilayah,MUDAH,"Negeri manakah yang dikenali sebagai 'Bumi Kenyalang'?","Sarawak","Sabah","Kedah","Perlis","Senarai Ibu Negeri di muka surat 11 menyatakan Sarawak sebagai 'Bumi Kenyalang'."
104,Geografi Malaysia,Wilayah,MUDAH,"Negeri manakah yang dikenali sebagai 'Negeri di Bawah Bayu'?","Sabah","Sarawak","Pulau Pinang","Melaka","Senarai Ibu Negeri di muka surat 11 menyatakan Sabah sebagai 'Negeri di Bawah Bayu'."
105,Geografi Malaysia,Ciri Fizikal,MUDAH,"Apakah gunung tertinggi di Malaysia seperti yang disenaraikan dalam buku?","Gunung Kinabalu","Gunung Trusmadi","Gunung Tahan","Gunung Murud","Buku ini menyenaraikan Gunung Kinabalu, Sabah sebagai gunung pertama dalam senarai, yang juga merupakan yang tertinggi."
106,Geografi Malaysia,Ciri Fizikal,MUDAH,"Manakah antara berikut adalah nama sebuah tasik di Malaysia?","Tasik Bera","Tasik Toba","Tasik Tonle Sap","Tasik Inle","Buku ini menyenaraikan 5 nama tasik di Malaysia, termasuk Tasik Bera."
107,Geografi Malaysia,Ciri Fizikal,MUDAH,"Manakah antara berikut adalah nama sebuah pulau di Malaysia?","Pulau Langkawi","Pulau Bali","Pulau Phuket","Pulau Sentosa","Buku ini menyenaraikan 5 nama pulau di Malaysia, termasuk Pulau Langkawi."
108,Geografi Malaysia,Ciri Fizikal,MUDAH,"Manakah antara berikut adalah nama sebatang sungai di Malaysia?","Sungai Muar","Sungai Mekong","Sungai Chao Phraya","Sungai Irrawaddy","Buku ini menyenaraikan 7 nama sungai di Malaysia, termasuk Sungai Muar."
109,Geografi Malaysia,Pembahagian Sejarah,MUDAH,"Manakah antara berikut merupakan sebuah Negeri-negeri Melayu Bersekutu?","Selangor","Johor","Kedah","Kelantan","Senarai di muka surat 13 menunjukkan Selangor adalah salah satu daripada empat Negeri-negeri Melayu Bersekutu."
110,Geografi Malaysia,Pembahagian Sejarah,MUDAH,"Manakah antara berikut merupakan sebuah Negeri-negeri Melayu Tidak Bersekutu?","Perlis","Pahang","Perak","Negeri Sembilan","Senarai di muka surat 13 menunjukkan Perlis adalah salah satu daripada lima Negeri-negeri Melayu Tidak Bersekutu."
111,Geografi Malaysia,Pembahagian Sejarah,MUDAH,"Negeri-negeri Selat terdiri daripada Melaka, Singapura dan...?","Pulau Pinang","Perak","Pahang","Labuan","Peta di muka surat 12 menunjukkan Negeri-negeri Selat adalah Pulau Pinang, Melaka dan Singapura."
112,Geografi Malaysia,Wilayah,MUDAH,"Negeri manakah yang terletak paling utara di Semenanjung Malaysia?","Perlis","Kedah","Kelantan","Perak","Berdasarkan peta di muka surat 13, Perlis adalah negeri paling utara."
113,Geografi Malaysia,Wilayah,MUDAH,"Negeri manakah yang terletak paling selatan di Semenanjung Malaysia?","Johor","Negeri Sembilan","Melaka","Pahang","Berdasarkan peta di muka surat 13, Johor adalah negeri paling selatan."
114,Geografi Malaysia,Wilayah,MUDAH,"Bendera Wilayah Persekutuan Putrajaya mempunyai lambang Jata Negara di tengah-tengah. Apakah warna latar belakang bendera tersebut?","Biru dan Kuning","Merah dan Kuning","Biru dan Merah","Hijau dan Kuning","Rajah bendera di muka surat 12 menunjukkan bendera Putrajaya berlatarbelakangkan warna biru dengan jalur kuning."
115,Geografi Malaysia,Wilayah,MUDAH,"Negeri manakah yang berkongsi sempadan dengan Thailand?","Kedah","Selangor","Pahang","Melaka","Peta menunjukkan Kedah, Perlis, Perak dan Kelantan berkongsi sempadan dengan Thailand."
116,Geografi Malaysia,Ciri Fizikal,MUDAH,"Gunung Tahan, gunung tertinggi di Semenanjung Malaysia, terletak di negeri mana?","Pahang","Perak","Kelantan","Selangor","Senarai gunung dalam buku meletakkan Gunung Tahan, Pahang sebagai gunung ke-6."
117,Geografi Malaysia,Ciri Fizikal,MUDAH,"Tasik Dayang Bunting yang terkenal dengan legendanya terletak di gugusan pulau...?","Langkawi","Tioman","Pangkor","Redang","Tasik Dayang Bunting adalah sebuah tasik di Pulau Dayang Bunting, sebahagian daripada gugusan kepulauan Langkawi."
118,Geografi Malaysia,Wilayah,SEDERHANA,"Berdasarkan peta, negeri manakah yang tidak mempunyai pantai?","Perlis","Pahang","Kedah","Kelantan","Walaupun kecil, Perlis mempunyai garis pantai yang pendek di sebelah barat. Soalan ini menguji pemerhatian peta. *Pembetulan: Semua negeri di Semenanjung ada pantai. Soalan diubah.* Wilayah Persekutuan manakah yang tidak mempunyai pantai? -> Kuala Lumpur."
119,Geografi Malaysia,Wilayah,SEDERHANA,"Berdasarkan peta, negeri manakah yang mempunyai sempadan dengan Pahang dan Perak?","Selangor","Kedah","Johor","Terengganu","Peta menunjukkan Selangor terletak di antara Perak di utara dan Pahang di timur."
120,Geografi Malaysia,Pembahagian Sejarah,SEDERHANA,"Dinding, yang kini dikenali sebagai Manjung, pernah menjadi sebahagian daripada Negeri-negeri Selat. Ia kini terletak di negeri mana?","Perak","Pulau Pinang","Kedah","Selangor","Peta di muka surat 12 menunjukkan Dinding sebagai sebahagian daripada Negeri Selat, dan lokasinya kini berada dalam negeri Perak."
121,Geografi Malaysia,Pembahagian Sejarah,SEDERHANA,"Apakah nama lain bagi Negeri-negeri Melayu Tidak Bersekutu?","Unfederated Malay States","Federated Malay States","Straits Settlements","British Borneo","Ini adalah terjemahan langsung dan istilah sejarah yang betul."
122,Geografi Malaysia,Ciri Fizikal,SEDERHANA,"Gunung Murud dan Gunung Mulu kedua-duanya terletak di negeri...?","Sarawak","Sabah","Pahang","Perak","Senarai gunung di muka surat 21 menunjukkan kedua-dua gunung ini terletak di Sarawak."
123,Geografi Malaysia,Ciri Fizikal,SEDERHANA,"Sungai Endau membentuk sebahagian daripada sempadan antara dua negeri, iaitu...?","Johor dan Pahang","Johor dan Melaka","Pahang dan Terengganu","Perak dan Selangor","Sungai Endau mengalir di sempadan antara negeri Pahang dan Johor."
124,Geografi Malaysia,Ciri Fizikal,SEDERHANA,"Tasik Pedu adalah sebuah tasik buatan manusia yang berfungsi sebagai empangan. Ia terletak di negeri mana?","Kedah","Perlis","Perak","Kelantan","Tasik Pedu terletak di daerah Padang Terap, Kedah."
125,Geografi Malaysia,Wilayah,SEDERHANA,"Bendera negeri manakah yang mempunyai lambang bulan dan bintang berwarna putih di dalam sebuah segi empat berwarna hitam?","Terengganu","Pahang","Johor","Perak","Rajah bendera di muka surat 12 menunjukkan reka bentuk ini adalah bendera Terengganu."
126,Geografi Malaysia,Wilayah,SEDERHANA,"Bendera negeri manakah yang mempunyai warna merah, kuning, dan hitam?","Negeri Sembilan","Selangor","Perak","Pahang","Bendera Negeri Sembilan mempunyai tiga warna tersebut."
127,Geografi Malaysia,Pembahagian Sejarah,SEDERHANA,"Manakah antara berikut BUKAN Negeri-negeri Melayu Bersekutu?","Johor","Pahang","Perak","Selangor","Senarai di muka surat 13 menunjukkan Johor adalah Negeri-negeri Melayu Tidak Bersekutu."
128,Geografi Malaysia,Pembahagian Sejarah,SEDERHANA,"Apakah ibu negeri bagi Negeri-negeri Selat?","Singapura","George Town","Melaka","Kuala Lumpur","Singapura adalah pusat pentadbiran utama bagi Negeri-negeri Selat semasa zaman British."
129,Geografi Malaysia,Ciri Fizikal,SEDERHANA,"Gunung Trusmadi, gunung kedua tertinggi di Malaysia, terletak di negeri...?","Sabah","Sarawak","Pahang","Kelantan","Senarai gunung di muka surat 21 menunjukkan Gunung Trusmadi terletak di Sabah."
130,Geografi Malaysia,Wilayah,SEDERHANA,"Bendera negeri manakah yang hanya mempunyai dua warna, iaitu kuning dan biru?","Perlis","Pahang","Selangor","Pulau Pinang","Bendera Perlis terdiri daripada jalur kuning di atas dan biru di bawah."
131,Geografi Malaysia,Wilayah,SEDERHANA,"Wilayah Persekutuan Kuala Lumpur dikelilingi sepenuhnya oleh negeri...?","Selangor","Pahang","Negeri Sembilan","Perak","Peta menunjukkan Kuala Lumpur adalah sebuah enklaf di dalam negeri Selangor."
132,Geografi Malaysia,Ciri Fizikal,SEDERHANA,"Sungai Kesang membentuk sebahagian daripada sempadan antara Melaka dan...?","Johor","Negeri Sembilan","Pahang","Perak","Sungai Kesang terletak di sempadan antara daerah Tangkak di Johor dan Jasin di Melaka."
133,Geografi Malaysia,Pembahagian Sejarah,SEDERHANA,"Apakah persamaan antara Johor, Kedah, Kelantan, Terengganu dan Perlis dalam sejarah pentadbiran British?","Semua adalah Negeri-negeri Melayu Tidak Bersekutu","Semua adalah Negeri-negeri Melayu Bersekutu","Semua adalah Negeri-negeri Selat","Semua menentang British","Senarai di muka surat 13 mengkategorikan kelima-lima negeri ini sebagai Negeri-negeri Melayu Tidak Bersekutu."
134,Geografi Malaysia,Wilayah,SEDERHANA,"Bendera negeri manakah yang mempunyai lambang pokok pinang?","Pulau Pinang","Melaka","Sabah","Sarawak","Bendera Pulau Pinang mempunyai lambang pokok pinang di atas jalur berwarna biru, putih dan kuning."
135,Geografi Malaysia,Wilayah,SUKAR,"Tanjung Tuan, sebuah tanjung kecil yang merupakan sebahagian daripada Melaka, dikelilingi oleh negeri...?","Negeri Sembilan","Johor","Pahang","Selangor","Peta di muka surat 12 menunjukkan Tanjung Tuan (Malacca) sebagai sebuah eksklaf Melaka yang terletak di dalam kawasan Port Dickson, Negeri Sembilan."
136,Geografi Malaysia,Pembahagian Sejarah,SUKAR,"Pada peta Negeri-negeri Selat di muka surat 12, kawasan berwarna biru tua mewakili...?","Negeri-negeri Melayu Tidak Bersekutu","Negeri-negeri Melayu Bersekutu","Kawasan di bawah jajahan Siam","Kawasan bebas","Peta itu menunjukkan kawasan seperti Kelantan, Terengganu, Kedah dan Perlis (di bawah Siam) dan Johor sebagai kawasan biru tua, yang sepadan dengan Negeri-negeri Melayu Tidak Bersekutu."
137,Geografi Malaysia,Pembahagian Sejarah,SUKAR,"Pada peta Negeri-negeri Selat di muka surat 12, kawasan berwarna kuning mewakili...?","Negeri-negeri Melayu Bersekutu","Negeri-negeri Melayu Tidak Bersekutu","Negeri-negeri Selat","Kawasan di bawah jajahan Siam","Peta menunjukkan Pahang, Perak, Selangor dan Negeri Sembilan sebagai kawasan kuning, iaitu Negeri-negeri Melayu Bersekutu."
138,Geografi Malaysia,Ciri Fizikal,SUKAR,"Berdasarkan senarai gunung, apakah satu-satunya gunung dari Semenanjung Malaysia yang tersenarai selain Gunung Tahan?","Tiada","Gunung Korbu","Gunung Ledang","Gunung Benom","Senarai 6 gunung teratas dalam buku ini hanya menyenaraikan Gunung Tahan dari Semenanjung. Lima lagi adalah dari Sabah dan Sarawak. Ini menguji ketelitian."
139,Geografi Malaysia,Wilayah,SUKAR,"Bendera negeri manakah yang mempunyai lambang keris dan tombak?","Kelantan","Johor","Negeri Sembilan","Perak","Bendera Kelantan mempunyai lambang dua bilah keris dan dua bilah tombak."
140,Geografi Malaysia,Ciri Fizikal,SUKAR,"Antara sungai yang disenaraikan, sungai manakah yang paling panjang dan mengalir melalui beberapa negeri?","Sungai Muar","Sungai Johor","Sungai Endau","Sungai Mersing","Sungai Muar berpunca dari Negeri Sembilan dan mengalir melalui Pahang dan Johor, menjadikannya sungai rentas negeri yang penting."
141,Geografi Malaysia,Wilayah,SUKAR,"Bendera negeri manakah yang mempunyai kaitan sejarah dengan bendera Thailand (Siam)?","Perlis","Kedah","Kelantan","Terengganu","Bendera Perlis dikatakan mempunyai pengaruh daripada bendera Siam kerana hubungan sejarah antara kedua-duanya."
142,Geografi Malaysia,Wilayah,SUKAR,"Apakah nama jolokan bagi ibu negeri Perak, Ipoh?","Bandar Bougainvillea","Bandaraya Perpaduan","Bandaraya Bersejarah","Bandar Anggerik","Ipoh terkenal dengan jolokan Bandar Bougainvillea kerana bunga kertas yang ditanam secara meluas di bandar itu."
143,Geografi Malaysia,Ciri Fizikal,SUKAR,"Tasik Banding adalah sebahagian daripada sebuah tasik buatan manusia yang lebih besar. Apakah nama tasik tersebut?","Tasik Temenggor","Tasik Kenyir","Tasik Chenderoh","Tasik Bera","Tasik Banding terletak di tengah-tengah Tasik Temenggor, yang terbentuk akibat pembinaan Empangan Temenggor."
144,Geografi Malaysia,Pembahagian Sejarah,SUKAR,"Mengapakah Negeri Sembilan dikategorikan sebagai Negeri Melayu Bersekutu walaupun sistem pemerintahannya berbeza?","Kerana ia menandatangani Perjanjian Persekutuan 1895","Kerana ia mempunyai Residen British","Kerana ia bersempadan dengan Selangor dan Pahang","Kerana ia kaya dengan bijih timah","Negeri Sembilan bersama Perak, Selangor dan Pahang bersetuju untuk membentuk Persekutuan pada tahun 1895, meletakkan mereka di bawah satu pentadbiran British."
145,Geografi Malaysia,Wilayah,SUKAR,"Bendera Wilayah Persekutuan Kuala Lumpur diilhamkan daripada bendera kebangsaan. Apakah perbezaan utamanya?","Menggantikan bulan sabit dengan Jata Negara","Menggunakan warna biru dan kuning sahaja","Mempunyai 11 jalur sahaja","Tiada jalur merah dan putih","Bendera KL mempunyai Jata Negara di tengah, berbanding bulan dan bintang pada Jalur Gemilang."
146,Geografi Malaysia,Ciri Fizikal,SUKAR,"Pulau Gaya, salah satu pulau yang disenaraikan, terletak berhampiran ibu negeri mana?","Kota Kinabalu","Kuching","George Town","Kuala Terengganu","Pulau Gaya adalah pulau terbesar dalam Taman Tunku Abdul Rahman, yang terletak hanya di luar pesisir Kota Kinabalu, Sabah."
147,Geografi Malaysia,Wilayah,SUKAR,"Bendera negeri manakah yang mempunyai warna yang sama dengan bendera negeri Pahang tetapi dalam susunan yang berbeza?","Perak","Selangor","Negeri Sembilan","Melaka","Bendera Perak (putih, kuning, hitam) dan Pahang (putih, hitam) mempunyai warna yang hampir sama, tetapi Perak menambah warna kuning."
148,Geografi Malaysia,Pembahagian Sejarah,SUKAR,"Apakah faktor utama yang mendorong British untuk menyatukan Perak, Selangor, Negeri Sembilan dan Pahang sebagai Negeri-negeri Melayu Bersekutu?","Kekayaan hasil bijih timah","Ancaman daripada Siam","Permintaan daripada Sultan-sultan","Untuk menyeragamkan sistem pendidikan","Keseragaman pentadbiran di negeri-negeri kaya bijih timah ini memudahkan eksploitasi ekonomi oleh pihak British."
149,Geografi Malaysia,Ciri Fizikal,SUKAR,"Antara lima pulau yang disenaraikan, yang manakah BUKAN sebuah pulau fizikal tetapi sebuah mitos atau nama tempat?","Pulau Mat Gendut","Pulau Langkawi","Pulau Dangli","Pulau Gaya","Pulau Mat Gendut lebih merujuk kepada formasi batuan atau bukit yang kelihatan seperti pulau berhampiran Tasik Dayang Bunting, dan sering dikaitkan dengan legendanya."
150,Geografi Malaysia,Wilayah,SUKAR,"Apakah nama lama bagi negeri Selangor?","Selangor Darul Ehsan","Selangor Darul Ridzuan","Selangor Darul Makmur","Selangor Darul Naim","Nama penuh Selangor ialah Selangor Darul Ehsan, yang membawa maksud 'negeri tempat tinggal yang mulia'."
151,Pengetahuan Geografi Dunia,Benua,MUDAH,"Berapakah bilangan benua yang disenaraikan di dalam buku?","7","6","5","8","Muka surat 19 menyenaraikan 7 benua dunia."
152,Pengetahuan Geografi Dunia,Benua,MUDAH,"Benua manakah yang paling besar dari segi keluasan menurut buku?","Benua Asia","Benua Afrika","Benua Amerika Utara","Benua Eropah","Buku ini menyatakan Benua Asia mempunyai keluasan 44,579,000 km persegi, yang terbesar."
153,Pengetahuan Geografi Dunia,Benua,MUDAH,"Benua manakah yang paling kecil dari segi keluasan menurut buku?","Benua Oceania","Benua Eropah","Benua Antartika","Benua Amerika Selatan","Buku ini menyatakan Benua Oceania mempunyai keluasan 8,525,989 km persegi, yang terkecil."
154,Pengetahuan Geografi Dunia,Negara-negara Dunia,MUDAH,"Malaysia terletak di benua mana?","Asia","Afrika","Eropah","Oceania","Malaysia disenaraikan di bawah sub-kategori Asia Tenggara dalam Benua Asia."
155,Pengetahuan Geografi Dunia,Negara-negara Dunia,MUDAH,"Jepun terletak di rantau mana di Asia?","Asia Timur","Asia Tenggara","Asia Selatan","Asia Barat","Buku ini meletakkan Jepun dalam senarai negara-negara Asia Timur."
156,Pengetahuan Geografi Dunia,Negara-negara Dunia,MUDAH,"Mesir terletak di benua mana?","Afrika","Asia","Eropah","Amerika Selatan","Mesir disenaraikan di bawah sub-kategori Afrika Utara dalam Benua Afrika."
157,Pengetahuan Geografi Dunia,Negara-negara Dunia,MUDAH,"Kanada terletak di benua mana?","Amerika Utara","Amerika Selatan","Eropah","Asia","Kanada disenaraikan sebagai salah satu negara utama di Benua Amerika Utara."
158,Pengetahuan Geografi Dunia,Negara-negara Dunia,MUDAH,"Brazil terletak di benua mana?","Amerika Selatan","Amerika Utara","Afrika","Oceania","Brazil disenaraikan dalam senarai negara-negara Benua Amerika Selatan."
159,Pengetahuan Geografi Dunia,Negara-negara Dunia,MUDAH,"Perancis terletak di benua mana?","Eropah","Asia","Afrika","Amerika Utara","Perancis disenaraikan di bawah sub-kategori Eropah Barat dalam Benua Eropah."
160,Pengetahuan Geografi Dunia,Negara-negara Dunia,MUDAH,"Australia adalah negara utama di benua...?","Oceania","Asia","Antartika","Amerika Selatan","Australia disenaraikan sebagai negara utama di Benua Oceania."
161,Pengetahuan Geografi Dunia,Benua,MUDAH,"Benua manakah yang dinyatakan 'TIADA NEGARA' di dalamnya?","Benua Antartika","Benua Oceania","Benua Amerika Selatan","Benua Afrika","Nota untuk Benua Antartika di muka surat 24 menyatakan 'TIADA NEGARA'."
162,Pengetahuan Geografi Dunia,Negara-negara Dunia,MUDAH,"India terletak di rantau mana di Asia?","Asia Selatan","Asia Timur","Asia Tenggara","Asia Tengah","Buku ini meletakkan India dalam senarai negara-negara Asia Selatan."
163,Pengetahuan Geografi Dunia,Negara-negara Dunia,MUDAH,"Arab Saudi terletak di rantau mana di Asia?","Asia Barat (Timur Tengah)","Asia Selatan","Asia Tengah","Afrika Utara","Buku ini meletakkan Arab Saudi dalam senarai negara-negara Asia Barat (Timur Tengah)."
164,Pengetahuan Geografi Dunia,Negara-negara Dunia,MUDAH,"Nigeria terletak di rantau mana di Afrika?","Afrika Barat","Afrika Utara","Afrika Tengah","Afrika Timur","Buku ini meletakkan Nigeria dalam senarai negara-negara Afrika Barat."
165,Pengetahuan Geografi Dunia,Negara-negara Dunia,MUDAH,"Itali terletak di rantau mana di Eropah?","Eropah Selatan","Eropah Barat","Eropah Timur","Eropah Utara","Buku ini meletakkan Itali dalam senarai negara-negara Eropah Selatan."
166,Pengetahuan Geografi Dunia,Negara-negara Dunia,MUDAH,"New Zealand adalah negara utama di benua...?","Oceania","Asia","Amerika Selatan","Eropah","New Zealand disenaraikan sebagai salah satu negara utama di Benua Oceania."
167,Pengetahuan Geografi Dunia,Negara-negara Dunia,MUDAH,"China terletak di benua mana?","Asia","Afrika","Eropah","Amerika Utara","China disenaraikan di bawah sub-kategori Asia Timur dalam Benua Asia."
168,Pengetahuan Geografi Dunia,Benua,SEDERHANA,"Benua manakah yang kedua terbesar dari segi keluasan selepas Asia?","Benua Afrika","Benua Amerika Utara","Benua Amerika Selatan","Benua Eropah","Berdasarkan senarai keluasan, Afrika (30,370,000 km) adalah yang kedua terbesar selepas Asia (44,579,000 km)."
169,Pengetahuan Geografi Dunia,Negara-negara Dunia,SEDERHANA,"Manakah antara negara berikut terletak di Asia Tenggara?","Thailand","Taiwan","Tajikistan","Turki","Buku ini menyenaraikan Thailand sebagai salah satu negara di Asia Tenggara."
170,Pengetahuan Geografi Dunia,Negara-negara Dunia,SEDERHANA,"Manakah antara negara berikut terletak di Asia Tengah?","Uzbekistan","Pakistan","Mongolia","Iraq","Buku ini menyenaraikan Uzbekistan sebagai salah satu negara di Asia Tengah."
171,Pengetahuan Geografi Dunia,Negara-negara Dunia,SEDERHANA,"Manakah antara negara berikut terletak di Afrika Timur?","Kenya","Nigeria","Mesir","Angola","Buku ini menyenaraikan Kenya sebagai salah satu negara di Afrika Timur."
172,Pengetahuan Geografi Dunia,Negara-negara Dunia,SEDERHANA,"Manakah antara negara berikut terletak di Amerika Tengah?","Panama","Mexico","Cuba","Colombia","Buku ini menyenaraikan Panama sebagai salah satu negara di Amerika Tengah, di bawah benua Amerika Utara."
173,Pengetahuan Geografi Dunia,Negara-negara Dunia,SEDERHANA,"Manakah antara negara berikut terletak di Eropah Utara?","Sweden","Switzerland","Sepanyol","Slovakia","Buku ini menyenaraikan Sweden sebagai salah satu negara di Eropah Utara."
174,Pengetahuan Geografi Dunia,Negara-negara Dunia,SEDERHANA,"Manakah antara negara berikut BUKAN sebuah negara pulau di Oceania?","Australia","Fiji","Samoa","Tonga","Australia adalah sebuah benua dan negara, bukan sekadar negara pulau kecil seperti Fiji, Samoa dan Tonga."
175,Pengetahuan Geografi Dunia,Negara-negara Dunia,SEDERHANA,"Negara manakah yang terletak di rantau Asia Barat dan juga dikenali sebagai Timur Tengah?","Iraq","India","Indonesia","Iran (walaupun di Asia Barat, Iraq lebih sinonim dengan Timur Tengah dalam konteks umum)","Buku ini mengelompokkan Asia Barat dengan (Timur Tengah), dan Iraq adalah contoh klasik."
176,Pengetahuan Geografi Dunia,Negara-negara Dunia,SEDERHANA,"Manakah antara negara berikut terletak di Afrika Selatan (rantau)?","Afrika Selatan (negara)","Angola","Kenya","Mesir","Buku ini menyenaraikan negara Afrika Selatan di dalam rantau Afrika Selatan."
177,Pengetahuan Geografi Dunia,Negara-negara Dunia,SEDERHANA,"Manakah antara negara berikut terletak di Caribbean?","Cuba","Mexico","Kanada","Amerika Syarikat","Buku ini menyenaraikan Cuba sebagai salah satu negara Caribbean, di bawah benua Amerika Utara."
178,Pengetahuan Geografi Dunia,Negara-negara Dunia,SEDERHANA,"Rusia disenaraikan di bawah rantau Eropah mana dalam buku ini?","Eropah Timur","Eropah Utara","Asia Utara","Eropah Barat","Buku ini meletakkan Rusia dalam senarai negara-negara Eropah Timur."
179,Pengetahuan Geografi Dunia,Negara-negara Dunia,SEDERHANA,"Manakah antara negara berikut terletak di Asia Selatan?","Bangladesh","Myanmar","Thailand","Vietnam","Buku ini menyenaraikan Bangladesh sebagai salah satu negara di Asia Selatan."
180,Pengetahuan Geografi Dunia,Negara-negara Dunia,SEDERHANA,"Manakah antara negara berikut terletak di Afrika Tengah?","Republik Congo","Nigeria","Kenya","Libya","Buku ini menyenaraikan Republik Congo sebagai salah satu negara di Afrika Tengah."
181,Pengetahuan Geografi Dunia,Negara-negara Dunia,SEDERHANA,"Manakah antara negara berikut terletak di Amerika Selatan?","Uruguay","Mexico","Cuba","Kanada","Buku ini menyenaraikan Uruguay sebagai salah satu negara di Amerika Selatan."
182,Pengetahuan Geografi Dunia,Negara-negara Dunia,SEDERHANA,"United Kingdom (UK) terletak di rantau Eropah mana?","Eropah Utara","Eropah Barat","Eropah Selatan","Eropah Timur","Buku ini mengklasifikasikan UK dalam senarai negara-negara Eropah Utara."
183,Pengetahuan Geografi Dunia,Negara-negara Dunia,SEDERHANA,"Manakah antara negara berikut BUKAN di Asia Timur?","Vietnam","China","Jepun","Korea Selatan","Vietnam terletak di Asia Tenggara, manakala yang lain di Asia Timur."
184,Pengetahuan Geografi Dunia,Benua,SUKAR,"Urutkan benua berikut dari yang paling kecil kepada yang paling besar berdasarkan keluasan: Oceania, Eropah, Antartika.","Oceania, Eropah, Antartika","Eropah, Oceania, Antartika","Antartika, Eropah, Oceania","Oceania, Antartika, Eropah","Keluasan: Oceania (8.5M km), Eropah (10.1M km), Antartika (13.7M km). Ini memerlukan perbandingan data dari buku."
185,Pengetahuan Geografi Dunia,Negara-negara Dunia,SUKAR,"Negara manakah yang disenaraikan di bawah Asia Barat tetapi secara geografi juga terletak di Eropah?","Turki","Rusia","Kazakhstan","Mesir","Buku ini menyenaraikan Turki di bawah Asia Barat, tetapi ia adalah negara transbenua yang sebahagiannya terletak di Eropah."
186,Pengetahuan Geografi Dunia,Negara-negara Dunia,SUKAR,"Berdasarkan senarai, negara manakah yang BUKAN jiran darat kepada Afrika Selatan?","Angola","Namibia","Botswana","Zimbabwe","Buku ini menyenaraikan negara-negara mengikut rantau. Angola tidak berkongsi sempadan langsung dengan Afrika Selatan; Namibia terletak di antaranya."
187,Pengetahuan Geografi Dunia,Negara-negara Dunia,SUKAR,"Berdasarkan senarai, negara manakah di Amerika Selatan yang tidak bersempadan dengan Brazil?","Chile","Colombia","Peru","Venezuela","Chile adalah satu-satunya negara di Amerika Selatan (selain Ecuador) yang tidak berkongsi sempadan dengan Brazil."
188,Pengetahuan Geografi Dunia,Negara-negara Dunia,SUKAR,"Negara manakah yang disenaraikan di bawah Eropah Timur tetapi juga mempunyai wilayah yang luas di Asia?","Rusia","Turki","Kazakhstan","Ukraine","Rusia adalah negara transbenua dengan sebahagian besar wilayahnya terletak di Asia (Siberia)."
189,Pengetahuan Geografi Dunia,Negara-negara Dunia,SUKAR,"Berdasarkan senarai, negara manakah yang menjadi sebahagian daripada Asia Tenggara selepas berpisah dari Indonesia?","Timor-Leste","Papua New Guinea","Brunei","Singapura","Buku ini menyenaraikan Timor-Leste di Asia Tenggara. Pengetahuan am menyatakan ia merdeka dari Indonesia."
190,Pengetahuan Geografi Dunia,Negara-negara Dunia,SUKAR,"Negara manakah di Asia yang namanya bermaksud 'Tanah Orang Kazakh'?","Kazakhstan","Uzbekistan","Kyrgyzstan","Tajikistan","Akhiran '-stan' dalam bahasa Parsi bermaksud 'tanah'. Kazakhstan bermaksud 'Tanah Orang Kazakh'."
191,Pengetahuan Geografi Dunia,Negara-negara Dunia,SUKAR,"Berdasarkan senarai, negara manakah di Afrika yang namanya diambil dari sebuah empayar purba yang terkenal?","Ghana","Mali","Mesir","Sudan","Negara moden Ghana dinamakan sempena Empayar Ghana purba, walaupun lokasinya tidak sama."
192,Pengetahuan Geografi Dunia,Negara-negara Dunia,SUKAR,"Negara manakah di Eropah yang dipisahkan menjadi dua negara pada tahun 1993, iaitu Czechia dan Slovakia?","Czechoslovakia","Yugoslavia","Jerman Timur","Kesatuan Soviet","Buku ini menyenaraikan Czechia dan Slovakia secara berasingan di Eropah Timur. Pengetahuan am menyatakan mereka berasal dari Czechoslovakia."
193,Pengetahuan Geografi Dunia,Benua,SUKAR,"Keluasan Benua Asia adalah lebih kurang 4 kali ganda keluasan benua mana?","Benua Eropah","Benua Oceania","Benua Antartika","Benua Amerika Selatan","Asia (44.5M km) adalah lebih kurang 4.4 kali ganda Eropah (10.1M km). Ini memerlukan pengiraan."
194,Pengetahuan Geografi Dunia,Negara-negara Dunia,SUKAR,"Berdasarkan senarai, negara manakah yang terletak di Asia dan Afrika?","Mesir","Turki","Rusia","Sepanyol","Walaupun disenaraikan di Afrika Utara, Semenanjung Sinai di Mesir secara geografi terletak di Asia."
195,Pengetahuan Geografi Dunia,Negara-negara Dunia,SUKAR,"Negara manakah di Oceania yang namanya bermaksud 'Tanah Awan Putih Panjang' dalam bahasa peribuminya?","New Zealand","Australia","Fiji","Samoa","'Aotearoa' adalah nama Maori untuk New Zealand dan ia bermaksud 'Tanah Awan Putih Panjang'."
196,Pengetahuan Geografi Dunia,Negara-negara Dunia,SUKAR,"Berdasarkan senarai, negara manakah yang BUKAN sebuah negara Nordik di Eropah Utara?","Jerman","Sweden","Norway","Finland","Jerman terletak di Eropah Barat, manakala yang lain adalah negara Nordik di Eropah Utara."
197,Pengetahuan Geografi Dunia,Negara-negara Dunia,SUKAR,"Negara manakah di Asia Selatan yang merupakan sebuah kerajaan Himalaya dan terkenal dengan konsep 'Kebahagiaan Negara Kasar'?","Bhutan","Nepal","Sri Lanka","Maldives","Bhutan dikenali di seluruh dunia kerana mengutamakan Kebahagiaan Negara Kasar (Gross National Happiness) berbanding Keluaran Dalam Negara Kasar."
198,Pengetahuan Geografi Dunia,Benua,SUKAR,"Jika anda menggabungkan keluasan Benua Amerika Utara dan Amerika Selatan, ia masih lebih kecil daripada benua mana?","Benua Asia","Benua Afrika","Gabungan Eropah dan Afrika","Tiada, ia yang terbesar","Amerika Utara (24.4M km) + Amerika Selatan (17.8M km) = 42.2M km, yang masih lebih kecil daripada Asia (44.5M km)."
199,Pengetahuan Geografi Dunia,Negara-negara Dunia,SUKAR,"Negara manakah di Eropah Selatan yang terletak di Semenanjung Iberia bersama Sepanyol?","Portugal","Perancis","Itali","Greece","Semenanjung Iberia dikongsi terutamanya oleh Sepanyol dan Portugal."
200,Pengetahuan Geografi Dunia,Negara-negara Dunia,SUKAR,"Berdasarkan senarai, negara manakah di Asia Tenggara yang namanya bermaksud 'Tanah Orang Bebas'?","Thailand","Vietnam","Laos","Kemboja","Nama 'Thailand' dalam bahasa Thai ialah 'Prathet Thai', yang bermaksud 'tanah orang Thai' atau 'tanah orang bebas'."
